[
  {
    "model": "cms.user",
    "pk": 1,
    "fields": {
      "password": "pbkdf2_sha256$150000$6GBOYJT9gM6Z$fUrVoa16jJuWcG5G/cEjEGUZ14e9DWJAus8ygWHN4nk=",
      "last_login": null,
      "is_superuser": true,
      "username": "root",
      "first_name": "Root",
      "last_name": "User",
      "email": "root@root.root",
      "is_staff": true,
      "is_active": true,
      "date_joined": "2019-11-13T09:21:34.960Z",
      "groups": [5],
      "user_permissions": [],
      "organization": null,
      "regions": [],
      "expert_mode": true,
      "page_tree_tutorial_seen": true
    }
  },
  {
    "model": "cms.user",
    "pk": 2,
    "fields": {
      "password": "pbkdf2_sha256$150000$6GBOYJT9gM6Z$fUrVoa16jJuWcG5G/cEjEGUZ14e9DWJAus8ygWHN4nk=",
      "last_login": null,
      "is_superuser": false,
      "username": "management",
      "first_name": "Region",
      "last_name": "Manager",
      "email": "management@example.com",
      "is_staff": false,
      "is_active": true,
      "date_joined": "2019-11-13T09:21:34.960Z",
      "groups": [1],
      "user_permissions": [],
      "organization": null,
      "regions": [1],
      "expert_mode": true,
      "page_tree_tutorial_seen": true
    }
  },
  {
    "model": "cms.user",
    "pk": 3,
    "fields": {
      "password": "pbkdf2_sha256$150000$6GBOYJT9gM6Z$fUrVoa16jJuWcG5G/cEjEGUZ14e9DWJAus8ygWHN4nk=",
      "last_login": null,
      "is_superuser": false,
      "username": "editor",
      "first_name": "Region",
      "last_name": "Editor",
      "email": "editor@example.com",
      "is_staff": false,
      "is_active": true,
      "date_joined": "2019-11-13T09:21:34.960Z",
      "groups": [2],
      "user_permissions": [],
      "organization": null,
      "regions": [1],
      "expert_mode": true,
      "page_tree_tutorial_seen": true
    }
  },
  {
    "model": "cms.user",
    "pk": 4,
    "fields": {
      "password": "pbkdf2_sha256$150000$6GBOYJT9gM6Z$fUrVoa16jJuWcG5G/cEjEGUZ14e9DWJAus8ygWHN4nk=",
      "last_login": null,
      "is_superuser": false,
      "username": "event_manager",
      "first_name": "Region Event",
      "last_name": "Manager",
      "email": "event@example.com",
      "is_staff": false,
      "is_active": true,
      "date_joined": "2019-11-13T09:21:34.960Z",
      "groups": [3],
      "user_permissions": [],
      "organization": null,
      "regions": [1],
      "expert_mode": true,
      "page_tree_tutorial_seen": true
    }
  },
  {
    "model": "cms.user",
    "pk": 5,
    "fields": {
      "password": "pbkdf2_sha256$150000$6GBOYJT9gM6Z$fUrVoa16jJuWcG5G/cEjEGUZ14e9DWJAus8ygWHN4nk=",
      "last_login": null,
      "is_superuser": false,
      "username": "service_team",
      "first_name": "Service Team",
      "last_name": "Member",
      "email": "service@example.com",
      "is_staff": true,
      "is_active": true,
      "date_joined": "2019-11-13T09:21:34.960Z",
      "groups": [4],
      "user_permissions": [],
      "organization": null,
      "regions": [],
      "expert_mode": true,
      "page_tree_tutorial_seen": true
    }
  },
  {
    "model": "cms.user",
    "pk": 6,
    "fields": {
      "password": "pbkdf2_sha256$150000$6GBOYJT9gM6Z$fUrVoa16jJuWcG5G/cEjEGUZ14e9DWJAus8ygWHN4nk=",
      "last_login": null,
      "is_superuser": false,
      "username": "cms_team",
      "first_name": "CMS Team",
      "last_name": "Member",
      "email": "cms@example.com",
      "is_staff": true,
      "is_active": true,
      "date_joined": "2019-11-13T09:21:34.960Z",
      "groups": [5],
      "user_permissions": [],
      "organization": null,
      "regions": [],
      "expert_mode": true,
      "page_tree_tutorial_seen": true
    }
  },
  {
    "model": "cms.user",
    "pk": 7,
    "fields": {
      "password": "pbkdf2_sha256$150000$6GBOYJT9gM6Z$fUrVoa16jJuWcG5G/cEjEGUZ14e9DWJAus8ygWHN4nk=",
      "last_login": null,
      "is_superuser": false,
      "username": "app_team",
      "first_name": "App Team",
      "last_name": "Member",
      "email": "app@example.com",
      "is_staff": true,
      "is_active": true,
      "date_joined": "2019-11-13T09:21:34.960Z",
      "groups": [6],
      "user_permissions": [],
      "organization": null,
      "regions": [],
      "expert_mode": true,
      "page_tree_tutorial_seen": true
    }
  },
  {
    "model": "cms.user",
    "pk": 8,
    "fields": {
      "password": "pbkdf2_sha256$150000$6GBOYJT9gM6Z$fUrVoa16jJuWcG5G/cEjEGUZ14e9DWJAus8ygWHN4nk=",
      "last_login": null,
      "is_superuser": false,
      "username": "marketing_team",
      "first_name": "Marketing Team",
      "last_name": "Member",
      "email": "marketing@example.com",
      "is_staff": true,
      "is_active": true,
      "date_joined": "2019-11-13T09:21:34.960Z",
      "groups": [7],
      "user_permissions": [],
      "organization": null,
      "regions": [],
      "expert_mode": true,
      "page_tree_tutorial_seen": true
    }
  },
  {
    "model": "cms.user",
    "pk": 9,
    "fields": {
      "password": "pbkdf2_sha256$150000$6GBOYJT9gM6Z$fUrVoa16jJuWcG5G/cEjEGUZ14e9DWJAus8ygWHN4nk=",
      "last_login": null,
      "is_superuser": false,
      "username": "author",
      "first_name": "Region",
      "last_name": "Author",
      "email": "author@example.com",
      "is_staff": false,
      "is_active": true,
      "date_joined": "2019-11-13T09:21:34.960Z",
      "groups": [8],
      "user_permissions": [],
      "organization": null,
      "regions": [1],
      "expert_mode": true,
      "page_tree_tutorial_seen": true
    }
  },
  {
    "model": "cms.user",
    "pk": 10,
    "fields": {
      "password": "pbkdf2_sha256$150000$6GBOYJT9gM6Z$fUrVoa16jJuWcG5G/cEjEGUZ14e9DWJAus8ygWHN4nk=",
      "last_login": null,
      "is_superuser": false,
      "username": "observer",
      "first_name": "Region",
      "last_name": "Observer",
      "email": "observer@example.com",
      "is_staff": false,
      "is_active": true,
      "date_joined": "2019-11-13T09:21:34.960Z",
      "groups": [9],
      "user_permissions": [],
      "organization": null,
      "regions": [1],
      "expert_mode": true,
      "page_tree_tutorial_seen": true
    }
  },
  {
    "model": "cms.user",
    "pk": 11,
    "fields": {
      "password": "pbkdf2_sha256$150000$6GBOYJT9gM6Z$fUrVoa16jJuWcG5G/cEjEGUZ14e9DWJAus8ygWHN4nk=",
      "last_login": null,
      "is_superuser": false,
      "username": "management_artland",
      "first_name": "Artland",
      "last_name": "Manager",
      "email": "management_artland@example.com",
      "is_staff": false,
      "is_active": true,
      "date_joined": "2019-11-13T09:21:34.960Z",
      "groups": [1],
      "user_permissions": [],
      "organization": null,
      "regions": [4],
      "expert_mode": true,
      "page_tree_tutorial_seen": true
    }
  },
  {
    "model": "cms.region",
    "pk": 1,
    "fields": {
      "name": "Augsburg",
      "slug": "augsburg",
      "status": "ACTIVE",
      "administrative_division": "CITY",
      "administrative_division_included": true,
      "aliases": {
        "Mering": { "latitude": 48.267229, "longitude": 10.988462 },
        "Kissing": { "latitude": 48.295828, "longitude": 10.98699 },
        "Steindorf": { "latitude": 48.215553, "longitude": 11.001126 },
        "Schmiechen": { "latitude": 48.212774, "longitude": 10.965841 }
      },
      "locations_enabled": true,
      "short_urls_enabled": true,
      "page_permissions_enabled": true,
      "external_news_enabled": true,
      "latitude": 48.36882,
      "longitude": 10.8958715,
      "latitude_min": 48.2581444,
      "longitude_min": 10.7633615,
      "latitude_max": 48.4586541,
      "longitude_max": 10.9593328,
      "postal_code": "86150",
      "admin_mail": "augsburg@integreat-app.de",
      "created_date": "2019-08-12T07:48:17.997Z",
      "last_updated": "2019-08-12T07:48:17.998Z",
      "zammad_url": "https://zammad.example.com",
      "offers": [1, 2, 3, 5]
    }
  },
  {
    "model": "cms.region",
    "pk": 2,
    "fields": {
      "name": "Nürnberg",
      "slug": "nurnberg",
      "status": "ACTIVE",
      "administrative_division": "CITY",
      "aliases": { "Nuernberg": { "latitude": 49.450938, "longitude": 11.075269 } },
      "fallback_translations_enabled": false,
      "short_urls_enabled": true,
      "page_permissions_enabled": true,
      "latitude": 49.455288,
      "longitude": 11.0766198,
      "postal_code": "90403",
      "admin_mail": "nuernberg@integreat-app.de",
      "created_date": "2019-08-12T07:50:05.572Z",
      "last_updated": "2019-08-12T07:50:05.573Z",
      "offers": [2, 3, 4]
    }
  },
  {
    "model": "cms.region",
    "pk": 3,
    "fields": {
      "name": "hallo aschaffenburg",
      "slug": "hallo",
      "status": "HIDDEN",
      "administrative_division": "CITY",
      "latitude": 49.6474779,
      "longitude": 7.1636583,
      "latitude_min": 49.9493505,
      "longitude_min": 9.085682,
      "latitude_max": 50.003119,
      "longitude_max": 9.194187,
      "postal_code": "63739",
      "admin_mail": "hallo@integreat-app.de",
      "created_date": "2023-09-26T12:00:00.000Z",
      "last_updated": "2023-09-26T12:00:00.000Z"
    }
  },
  {
    "model": "cms.region",
    "pk": 4,
    "fields": {
      "name": "Artland",
      "slug": "artland",
      "custom_prefix": "Samtgemeinde",
      "status": "ACTIVE",
      "administrative_division": "MUNICIPALITY",
      "latitude": 52.6740169362763,
      "longitude": 9.47213037234444,
      "latitude_min": 52.5850642,
      "longitude_min": 7.6876889,
      "latitude_max": 52.7094874,
      "longitude_max": 8.0873826,
      "postal_code": "49635",
      "admin_mail": "artland@integreat-app.de",
      "created_date": "2023-09-26T12:00:00.000Z",
      "last_updated": "2023-09-26T12:00:00.000Z"
    }
  },
  {
    "model": "cms.region",
    "pk": 5,
    "fields": {
      "name": "Birkenfeld",
      "slug": "birkenfeld",
      "custom_prefix": "Nationalparklandkreis",
      "status": "ARCHIVED",
      "administrative_division": "RURAL_DISTRICT",
      "latitude": 49.6474779,
      "longitude": 7.1636583,
      "postal_code": "55765",
      "admin_mail": "birkenfeld@integreat-app.de",
      "created_date": "2023-09-26T12:00:00.000Z",
      "last_updated": "2023-09-26T12:00:00.000Z",
      "offers": [1]
    }
  },
  {
    "model": "cms.region",
    "pk": 6,
    "fields": {
      "name": "Testumgebung",
      "slug": "testumgebung",
      "status": "HIDDEN",
      "administrative_division": "REGION",
      "latitude": 48.3780811,
      "longitude": 10.8876573,
      "postal_code": "00000",
      "admin_mail": "testumgebung@integreat-app.de",
      "created_date": "2023-09-26T12:00:00.000Z",
      "last_updated": "2023-09-26T12:00:00.000Z"
    }
  },
  {
    "model": "cms.language",
    "pk": 1,
    "fields": {
      "slug": "de",
      "bcp47_tag": "de-DE",
      "english_name": "German",
      "native_name": "Deutsch",
      "text_direction": "LEFT_TO_RIGHT",
      "primary_country_code": "de",
      "table_of_contents": "Inhaltsverzeichnis",
      "socialmedia_webapp_title": "Integreat | Web-App | Lokale Informationen für Dich",
      "created_date": "2019-08-12T07:50:18.139Z",
      "last_updated": "2019-08-12T07:50:18.140Z",
      "message_content_not_available": "Die Seite existiert nicht in der ausgewählten Sprache. Sie ist aber in diesen Sprachen verfügbar:",
      "message_partial_live_content_not_available": "Ein Teil der Seite existiert nicht in der ausgewählten Sprache. Er ist aber in diesen Sprachen verfügbar:"
    }
  },
  {
    "model": "cms.language",
    "pk": 2,
    "fields": {
      "slug": "en",
      "bcp47_tag": "en-GB",
      "english_name": "English",
      "native_name": "English",
      "text_direction": "LEFT_TO_RIGHT",
      "primary_country_code": "gb",
      "secondary_country_code": "us",
      "table_of_contents": "Table of Contents",
      "socialmedia_webapp_title": "Integreat",
      "created_date": "2019-08-12T07:50:24.635Z",
      "last_updated": "2019-08-12T07:50:24.636Z"
    }
  },
  {
    "model": "cms.language",
    "pk": 3,
    "fields": {
      "slug": "ar",
      "bcp47_tag": "ar-arb",
      "english_name": "Arabic",
      "native_name": "العربية",
      "text_direction": "RIGHT_TO_LEFT",
      "primary_country_code": "ab",
      "table_of_contents": "محتويات",
      "socialmedia_webapp_title": "Integreat",
      "created_date": "2019-08-12T07:51:29.233Z",
      "last_updated": "2019-08-12T07:51:29.233Z"
    }
  },
  {
    "model": "cms.language",
    "pk": 4,
    "fields": {
      "slug": "fa",
      "bcp47_tag": "fa-IR",
      "english_name": "Farsi",
      "native_name": "فارسی",
      "text_direction": "RIGHT_TO_LEFT",
      "primary_country_code": "fs",
      "table_of_contents": "محتویات",
      "socialmedia_webapp_title": "Integreat",
      "created_date": "2019-08-12T07:52:21.399Z",
      "last_updated": "2019-08-12T07:52:21.400Z"
    }
  },
  {
    "model": "cms.language",
    "pk": 5,
    "fields": {
      "slug": "es",
      "bcp47_tag": "es-es",
      "english_name": "Spanish",
      "native_name": "Español",
      "text_direction": "LEFT_TO_RIGHT",
      "primary_country_code": "es",
      "table_of_contents": "Índice de contenidos",
      "socialmedia_webapp_title": "Integreat",
      "created_date": "2019-08-12T07:52:21.399Z",
      "last_updated": "2019-08-12T07:52:21.400Z"
    }
  },
  {
    "model": "cms.language",
    "pk": 6,
    "fields": {
      "slug": "de-si",
      "bcp47_tag": "de-si",
      "native_name": "Deutsch (leicht)",
      "english_name": "German (easy)",
      "text_direction": "LEFT_TO_RIGHT",
      "primary_country_code": "de",
      "created_date": "2022-09-13T16:33:38.750Z",
      "last_updated": "2022-09-13T16:48:51.807Z",
      "table_of_contents": "Inhaltsverzeichnis",
      "socialmedia_webapp_title": "Integreat",
      "message_content_not_available": "Diese Sprache gibt es nicht. Es gibt aber diese Sprachen:",
      "message_partial_live_content_not_available": "Ein Teil von der Seite ist nicht in Ihrer Sprache. Der Teil ist aber in diesen Sprachen verfügbar:"
    }
  },
  {
    "model": "cms.language",
    "pk": 7,
    "fields": {
      "slug": "hidden",
      "bcp47_tag": "hid",
      "native_name": "Hidden language",
      "english_name": "Hidden language",
      "text_direction": "LEFT_TO_RIGHT",
      "primary_country_code": "at",
      "created_date": "2022-11-30T09:16:00.000Z",
      "last_updated": "2022-11-30T09:16:00.000Z",
      "table_of_contents": "Table of Contents",
      "socialmedia_webapp_title": "Integreat",
      "message_content_not_available": "Diese Sprache gibt es nicht. Es gibt aber diese Sprachen:",
      "message_partial_live_content_not_available": "Ein Teil von der Seite ist nicht in Ihrer Sprache. Der Teil ist aber in diesen Sprachen verfügbar:"
    }
  },
  {
    "model": "cms.language",
    "pk": 8,
    "fields": {
      "slug": "am",
      "bcp47_tag": "am-AM",
      "native_name": "አማርኛ",
      "english_name": "Amharic",
      "text_direction": "LEFT_TO_RIGHT",
      "primary_country_code": "et",
      "created_date": "2022-09-13T16:33:38.750Z",
      "last_updated": "2022-09-13T16:48:51.807Z",
      "table_of_contents": "ዝርዝር ሁኔታ",
      "socialmedia_webapp_title": "Integreat",
      "message_content_not_available": "ይህ ቋንቋ የለም። ግን እነዚህ ቋንቋዎች አሉ-",
      "message_partial_live_content_not_available": "የገጹ ክፍል በእርስዎ ቋንቋ አይደለም። ሆኖም፣ ክፍሉ በነዚህ ቋንቋዎች ይገኛል።"
    }
  },
  {
    "model": "cms.language",
    "pk": 9,
    "fields": {
      "slug": "uk",
      "bcp47_tag": "uk-UK",
      "native_name": "Українська",
      "english_name": "Ukrainian",
      "text_direction": "LEFT_TO_RIGHT",
      "primary_country_code": "ua",
      "created_date": "2022-09-13T16:33:38.750Z",
      "last_updated": "2022-09-13T16:48:51.807Z",
      "table_of_contents": "Зміст",
      "socialmedia_webapp_title": "Integreat",
      "message_content_not_available": "Ця сторінка не існує вибраною мовою. Однак він доступний такими мовами:",
      "message_partial_live_content_not_available": "Частина сторінки не існує вибраною мовою. Однак він доступний такими мовами:"
    }
  },
  {
    "model": "cms.language",
    "pk": 10,
    "fields": {
      "slug": "el",
      "bcp47_tag": "el-GR",
      "native_name": "Ελληνικά",
      "english_name": "Greek",
      "text_direction": "LEFT_TO_RIGHT",
      "primary_country_code": "gr",
      "created_date": "2022-09-13T16:33:38.750Z",
      "last_updated": "2022-09-13T16:48:51.807Z",
      "table_of_contents": "Πίνακας περιεχομένων",
      "socialmedia_webapp_title": "Integreat",
      "message_content_not_available": "Αυτή η γλώσσα δεν υπάρχει. Αλλά υπάρχουν αυτές οι γλώσσες:",
      "message_partial_live_content_not_available": "Μέρος της σελίδας δεν είναι στη γλώσσα σας. Ωστόσο, το μέρος είναι διαθέσιμο σε αυτές τις γλώσσες:"
    }
  },
  {
    "model": "cms.languagetreenode",
    "pk": 1,
    "fields": {
      "lft": 1,
      "rgt": 18,
      "tree_id": 1,
      "depth": 1,
      "parent": null,
      "region": 1,
      "language": 1,
      "visible": true,
      "active": true,
      "created_date": "2019-08-12T07:52:34.183Z",
      "last_updated": "2019-08-12T07:52:34.187Z"
    }
  },
  {
    "model": "cms.languagetreenode",
    "pk": 2,
    "fields": {
      "lft": 4,
      "rgt": 17,
      "tree_id": 1,
      "depth": 2,
      "parent": 1,
      "region": 1,
      "language": 2,
      "visible": true,
      "active": true,
      "created_date": "2019-08-12T07:52:44.617Z",
      "last_updated": "2019-08-12T07:52:44.629Z"
    }
  },
  {
    "model": "cms.languagetreenode",
    "pk": 3,
    "fields": {
      "lft": 5,
      "rgt": 6,
      "tree_id": 1,
      "depth": 3,
      "parent": 2,
      "region": 1,
      "language": 3,
      "visible": true,
      "active": true,
      "created_date": "2019-08-12T07:52:52.560Z",
      "last_updated": "2019-08-12T07:52:52.564Z"
    }
  },
  {
    "model": "cms.languagetreenode",
    "pk": 4,
    "fields": {
      "lft": 7,
      "rgt": 8,
      "tree_id": 1,
      "depth": 3,
      "parent": 2,
      "region": 1,
      "language": 4,
      "visible": true,
      "active": true,
      "created_date": "2019-08-12T07:53:00.429Z",
      "last_updated": "2019-08-12T07:53:00.441Z"
    }
  },
  {
    "model": "cms.languagetreenode",
    "pk": 5,
    "fields": {
      "lft": 1,
      "rgt": 8,
      "tree_id": 2,
      "depth": 1,
      "parent": null,
      "region": 2,
      "language": 1,
      "visible": true,
      "active": true,
      "created_date": "2019-08-12T07:53:15.051Z",
      "last_updated": "2019-08-12T07:53:15.053Z"
    }
  },
  {
    "model": "cms.languagetreenode",
    "pk": 6,
    "fields": {
      "lft": 2,
      "rgt": 7,
      "tree_id": 2,
      "depth": 2,
      "parent": 5,
      "region": 2,
      "language": 2,
      "visible": true,
      "active": true,
      "created_date": "2019-08-12T07:53:28.892Z",
      "last_updated": "2019-08-12T07:53:28.898Z"
    }
  },
  {
    "model": "cms.languagetreenode",
    "pk": 7,
    "fields": {
      "lft": 3,
      "rgt": 6,
      "tree_id": 2,
      "depth": 3,
      "parent": 6,
      "region": 2,
      "language": 3,
      "visible": true,
      "active": true,
      "created_date": "2019-08-12T07:53:43.197Z",
      "last_updated": "2019-08-12T07:53:43.201Z"
    }
  },
  {
    "model": "cms.languagetreenode",
    "pk": 8,
    "fields": {
      "lft": 4,
      "rgt": 5,
      "tree_id": 2,
      "depth": 4,
      "parent": 7,
      "region": 2,
      "language": 4,
      "visible": true,
      "active": true,
      "created_date": "2019-08-12T07:53:50.363Z",
      "last_updated": "2019-08-12T07:53:50.374Z"
    }
  },
  {
    "model": "cms.languagetreenode",
    "pk": 9,
    "fields": {
      "lft": 2,
      "rgt": 3,
      "tree_id": 1,
      "depth": 2,
      "parent": 1,
      "region": 1,
      "language": 6,
      "visible": false,
      "active": true,
      "created_date": "2022-09-14T15:07:49.706Z",
      "last_updated": "2022-09-14T15:07:49.750Z"
    }
  },
  {
    "model": "cms.languagetreenode",
    "pk": 10,
    "fields": {
      "lft": 9,
      "rgt": 10,
      "tree_id": 1,
      "depth": 3,
      "parent": 2,
      "region": 1,
      "language": 7,
      "visible": false,
      "active": true,
      "created_date": "2022-09-14T15:07:49.706Z",
      "last_updated": "2022-09-14T15:07:49.750Z"
    }
  },
  {
    "model": "cms.languagetreenode",
    "pk": 11,
    "fields": {
      "lft": 11,
      "rgt": 12,
      "tree_id": 1,
      "depth": 3,
      "parent": 2,
      "region": 1,
      "language": 8,
      "visible": false,
      "active": true,
      "created_date": "2022-09-14T15:07:49.706Z",
      "last_updated": "2022-09-14T15:07:49.750Z"
    }
  },
  {
    "model": "cms.languagetreenode",
    "pk": 12,
    "fields": {
      "lft": 13,
      "rgt": 14,
      "tree_id": 1,
      "depth": 3,
      "parent": 2,
      "region": 1,
      "language": 9,
      "visible": false,
      "active": true,
      "created_date": "2022-09-14T15:07:49.706Z",
      "last_updated": "2022-09-14T15:07:49.750Z"
    }
  },
  {
    "model": "cms.languagetreenode",
    "pk": 13,
    "fields": {
      "lft": 15,
      "rgt": 16,
      "tree_id": 1,
      "depth": 3,
      "parent": 2,
      "region": 1,
      "language": 10,
      "visible": false,
      "active": true,
      "created_date": "2022-09-14T15:07:49.706Z",
      "last_updated": "2022-09-14T15:07:49.750Z"
    }
  },
  {
    "model": "cms.languagetreenode",
    "pk": 14,
    "fields": {
      "lft": 1,
      "rgt": 2,
      "tree_id": 3,
      "depth": 1,
      "parent": null,
      "region": 3,
      "language": 1,
      "visible": true,
      "active": true,
      "created_date": "2023-09-26T12:00:00.000Z",
      "last_updated": "2023-09-26T12:00:00.000Z"
    }
  },
  {
    "model": "cms.languagetreenode",
    "pk": 15,
    "fields": {
      "lft": 1,
      "rgt": 2,
      "tree_id": 4,
      "depth": 1,
      "parent": null,
      "region": 4,
      "language": 1,
      "visible": true,
      "active": true,
      "created_date": "2023-09-26T12:00:00.000Z",
      "last_updated": "2023-09-26T12:00:00.000Z"
    }
  },
  {
    "model": "cms.languagetreenode",
    "pk": 16,
    "fields": {
      "lft": 1,
      "rgt": 2,
      "tree_id": 5,
      "depth": 1,
      "parent": null,
      "region": 5,
      "language": 1,
      "visible": true,
      "active": true,
      "created_date": "2023-09-26T12:00:00.000Z",
      "last_updated": "2023-09-26T12:00:00.000Z"
    }
  },
  {
    "model": "cms.languagetreenode",
    "pk": 17,
    "fields": {
      "lft": 1,
      "rgt": 2,
      "tree_id": 6,
      "depth": 1,
      "parent": null,
      "region": 6,
      "language": 1,
      "visible": true,
      "active": true,
      "created_date": "2023-09-26T12:00:00.000Z",
      "last_updated": "2023-09-26T12:00:00.000Z"
    }
  },
  {
    "model": "cms.pagetranslation",
    "pk": 1,
    "fields": {
      "title": "Willkommen",
      "slug": "willkommen",
      "status": "PUBLIC",
      "content": "<p>Erste Version</p>",
      "language": 1,
      "currently_in_translation": false,
      "version": 1,
      "minor_edit": false,
      "last_updated": "2019-08-11T07:57:42.456Z",
      "creator": 1,
      "page": 1
    }
  },
  {
    "model": "cms.pagetranslation",
    "pk": 2,
    "fields": {
      "title": "Willkommen in Augsburg",
      "slug": "willkommen-in-augsburg",
      "status": "PUBLIC",
      "content": "<p>Liebe Neubürgerin, lieber Neubürger, herzlich willkommen in Augsburg! Sie sind in einer vielfältigen und weltoffenen Stadt angekommen. Fast 300.000 Menschen aus rund 170 verschiedene Nationen leben hier gut zusammen. Ich freue mich, dass Sie in der Friedensstadt Augsburg einen neuen Lebensmittelpunkt gefunden haben. Das eigene Land zu verlassen und der Umzug in ein anderes Land bedeuten eine große Umstellung. Nach der Ankunft stellen sich viele alltägliche Fragen zu Wohnung oder Unterkunft, Schule und Arbeit, sozialen und kulturellen Kontakten. Auch die Orientierung in einer fremden Kultur stellt eine große Herausforderung dar. Die Integreat-App ist ein Gemeinschaftsprojekt der Stadt Augsburg in Zusammenarbeit mit Tür an Tür – Digital Factory gGmbH, die ihr technisches Know-how zur Verfügung stellt. Unterstützt wird das Vorhaben durch den Integrationsbeirat und die AFF- association des familles francophones. Mit der App möchten wir Ihnen helfen, das Leben in Augsburg besser zu verstehen und kennenzulernen. Sie soll ein Beitrag dazu sein, dass Sie sich bald angekommen fühlen und willkommen in unserer Stadtgesellschaft sind. Hier finden Sie wichtige Adressen, allgemeine Anlaufstellen sowie Hilfsangebote in besonderen Lebenslagen. Ich hoffe sehr, dass wir Sie beim Einleben in Augsburg mit der App unterstützen können. Ich wünsche Ihnen, dass Sie bald erste Kontakte knüpfen und voller Zuversicht auf Ihre persönliche Zukunft in unserer gemeinsamen Stadt blicken werden. Dr. Kurt Gribl Oberbürgermeister der Stadt Augsburg</p>",
      "language": 1,
      "currently_in_translation": false,
      "version": 1,
      "minor_edit": false,
      "last_updated": "2019-08-12T08:05:51.712Z",
      "creator": 1,
      "page": 2
    }
  },
  {
    "model": "cms.pagetranslation",
    "pk": 3,
    "fields": {
      "title": "Über die App Integreat Augsburg",
      "slug": "uber-die-app-integreat-augsburg",
      "status": "PUBLIC",
      "content": "<p>Dieser Leitfaden unterstützt Sie in Ihrem Alltag in Augsburg. Sie finden hier wichtige Adressen, Ansprechpartner und Tipps und Tricks, die Ihnen bei der Orientierung in Augsburg helfen können. Ihr Alltagsguide hat mehrere Kapitel. Jedes Kapitel bearbeitet ein anderes Thema. Sie finden zum Beispiel Informationen zu Ärzten, Schulen, Deutschkursen oder anderen Institutionen. Es gibt auch ein Kapitel mit Ideen, was Sie in Ihrer Freizeit machen können. Die Informationen und Freizeitangebote ändern sich und wir aktualisieren diese Seite regelmäßig. Deswegen ist es sehr gut, wenn Sie oft in Ihre mobile App schauen und sich über aktuelle Aktionen und Veranstaltungen informieren. Sie können diese App auch offline benutzen, wenn Sie keinen Internet-Zugang haben. Wenn Sie wieder online sind, aktualisiert sich die App von selbst. Wir hoffen sehr, dass wir Ihren Aufenthalt hier in Augsburg mit dieser App vereinfachen können. Wir freuen uns, Sie hier in der Friedensstadt Augsburg begrüßen zu dürfen. Bildungskoordinatorinnen für Neuzugewanderte</p>",
      "language": 1,
      "currently_in_translation": false,
      "version": 1,
      "minor_edit": false,
      "last_updated": "2019-08-12T08:05:45.631Z",
      "creator": 1,
      "page": 3
    }
  },
  {
    "model": "cms.pagetranslation",
    "pk": 4,
    "fields": {
      "title": "Wissenswertes über Augsburg",
      "slug": "wissenswertes-uber-augsburg",
      "status": "PUBLIC",
      "content": "<p>Augsburg liegt im Südwesten Bayerns. Bis München sind es ungefähr 60 km. Augsburg hat circa 298.255 Einwohner und ist die drittgrößte Stadt Bayerns. Die größte Stadt in Bayern ist München und die zweitgrößte Stadt Nürnberg. Ein römischer Kaiser mit dem Namen Augustus hat Augsburg vor mehr als 2000 Jahren zwischen den Flüssen Lech und Wertach gegründet. Augsburg hat sogar einen eigenen Feiertag – am 8. August feiert die Stadt das Augsburger Hohe Friedensfest. Das Fest ist ein Zeichen für Religionsfreiheit und für Frieden zwischen den Religionen. In Augsburg gibt es viele interessante und schöne Orte. Aber besonders schön und berühmt sind das Rathaus mit dem Goldenen Saal, die Fuggerei als älteste Sozialsiedlung der Welt und der Augsburger Dom. Sehenswert ist auch die Anfang des 20. Jh. gebaute Synagoge, die zu den schönsten in Europa gehört. Vom Perlachturm, einem der höchsten Gebäude in Augsburg, bekommen Sie eine wunderbare Aussicht auf die Stadt. Beim schönen Wetter kann man von der Aussichtsplattform sogar die Alpen sehen. Wer Tiere sehen möchte, ist im Augsburger ZOO richtig aufgehoben. Wer Ruhe und Entspannung sucht, findet sie zum Beispiel im zentrumsnahen Hofgarten. Auch das Botanische Garten bietet, neben den über 3000 Pflanzenarten, schöne und ruhige Plätze zum Erholen. An sonnigen Tagen lohnt es sich an den Ufern von Lech oder Wertach spazieren zu gehen oder Fahrad zu fahren. Im Norden Augsburgs fließen die beiden Flüsse zusammen. Dieses gebiet heisst Wolfzahnau und ist zum Landschaftsschutzgebiet erklärt worden. Auch dort gehen die Augsburgerinnen und Augsburger gerne spazieren. Ein Überblick über Augsburger Parkanlagen und Ruheoasen finden Sie hier. Mögen Sie Fußball? Augsburgs Fußballmannschaft, der FC Augsburg, spielt seit 2011 in der 1. Bundesliga und hat 2015/2016 sogar in der Euro-League gespielt. Brauchen Sie Tipps für Ihre Freizeit, dann schauen Sie die nächsten Seiten an. Hier finden Sie viele Ideen, was Sie in Ihrer Freizeit in Augsburg machen können. Schlagworte: Sehenswürdigkeiten, Attraktion, Tourismus</p>",
      "language": 1,
      "currently_in_translation": false,
      "version": 1,
      "minor_edit": false,
      "last_updated": "2019-08-12T08:05:39.369Z",
      "creator": 1,
      "page": 4
    }
  },
  {
    "model": "cms.pagetranslation",
    "pk": 5,
    "fields": {
      "title": "Stadtplan",
      "slug": "stadtplan",
      "status": "PUBLIC",
      "content": "<p>Sie suchen einen Stadtplan? - Einen Stadtplan von Augsburg als App finden Sie unter www.maps.me Als Erstes müssen Sie die App downloaden. Der Stadtplan ist kostenlos. Er funktioniert offline und hat eine Navigationsfunktion. - Einen klassischen Stadtplan der Stadt Augsburg finden Sie im Internet unter www.stadtplan.augsburg.de</p>",
      "language": 1,
      "currently_in_translation": false,
      "version": 1,
      "minor_edit": false,
      "last_updated": "2019-08-12T08:01:13.187Z",
      "creator": 1,
      "page": 5
    }
  },
  {
    "model": "cms.pagetranslation",
    "pk": 6,
    "fields": {
      "title": "Kontakt zu App Team Augsburg",
      "slug": "kontakt-zu-app-team-augsburg",
      "status": "PUBLIC",
      "content": "<p>Wenn Sie Fragen haben oder uns etwas mitteilen möchten, schreiben Sie uns oder rufen Sie uns an: Bildungskoordination für Neuzugewanderte Stadt Augsburg Büro für Migration, Interkultur und Vielfalt Amt für Kinder, Jugend und Familie 082132434494 oder 082132434493 bildungskoordination@augsburg.de Schlagworte: Bildungskoordination, Kontakt, App Team Augsburg, Fragen, Anregungen, Verbesserungsvorschlag, Kritik, Lob</p>",
      "language": 1,
      "currently_in_translation": false,
      "version": 1,
      "minor_edit": false,
      "last_updated": "2019-08-12T08:01:42.279Z",
      "creator": 1,
      "page": 6
    }
  },
  {
    "model": "cms.pagetranslation",
    "pk": 7,
    "fields": {
      "title": "Welcome",
      "slug": "welcome",
      "status": "PUBLIC",
      "content": "<p>Welcome to Augsburg</p>",
      "language": 2,
      "currently_in_translation": false,
      "version": 1,
      "minor_edit": false,
      "last_updated": "2019-08-12T08:02:48.852Z",
      "creator": 1,
      "page": 1
    }
  },
  {
    "model": "cms.pagetranslation",
    "pk": 8,
    "fields": {
      "title": "About the Integreat App Augsburg",
      "slug": "about-the-integreat-app-augsburg",
      "status": "PUBLIC",
      "content": "<p>Welcome to Augsburg! This guide will support you in your everyday life in Augsburg. Here you will find important addresses, contact persons, and tips and tricks to help you orientate yourself better in Augsburg. This everyday guide has several chapters. Every chapter deals with a different subject. For example, you will find information on doctors, schools, German courses and other institutions.There is also a chapter with ideas for what you can do in your spare time.The information and leisure options change often, so we update them regularly. That's why it is a good idea to take a regular look at your mobile app and get information about current activities and events. You can also use this app offline for when you have no internet access. The app will update automatically when you are back online again. We hope that this app makes your life in Augsburg a little bit easier.We look forward to welcoming you here in the Peace City of Augsburg. BMFSFJ_DemokratieLeben</p>",
      "language": 2,
      "currently_in_translation": false,
      "version": 1,
      "minor_edit": false,
      "last_updated": "2019-08-12T08:03:48.584Z",
      "creator": 1,
      "page": 3
    }
  },
  {
    "model": "cms.pagetranslation",
    "pk": 9,
    "fields": {
      "title": "Trivia about Augsburg",
      "slug": "trivia-about-augsburg",
      "status": "PUBLIC",
      "content": "<p>Augsburg is located in the southwest of Bavaria. It is about 60km to Munich. Augsburg has approximately 284,000 inhabitants and is the third largest city in Bavaria. The largest city in Bavaria is Munich and the second largest city Nuremberg. A Roman emperor named Augustus founded Augsburg more than 2000 years ago, between the rivers Lech and Wertach. Augsburg even has its own holiday - on 8 August, the city celebrates the Augsburger Hohe Friedensfest. The festival symbolises religious freedom and peace between religions. In Augsburg there are many interesting and beautiful places.But especially beautiful and famous are the city hall with its Golden Hall, the Fuggerei, which is the oldest social housing complex in the world, and Augsburg Cathedral. Do you like football?Augsburg's football team, FC Augsburg, offers you 90 minutes of excitement.Since 2011, FC Augsburg has played in the top division of the Bundesliga and, since 2015-16, in the Europa League. If you need tips for your leisure time, then take a look at the next few websites. Here you will find many ideas for what you can do in your free time in Augsburg.These websites are continuously updated by their hosts.</p>",
      "language": 2,
      "currently_in_translation": false,
      "version": 1,
      "minor_edit": false,
      "last_updated": "2019-08-12T08:04:39.746Z",
      "creator": 1,
      "page": 4
    }
  },
  {
    "model": "cms.pagetranslation",
    "pk": 10,
    "fields": {
      "title": "City Map",
      "slug": "city-map",
      "status": "PUBLIC",
      "content": "<p>Are you looking for a city map? Here is a street map of Augsburg. The street map is free of charge.It works offline and has a navigation feature. How to get the map: Download the MAPS.ME app.The app can be found in Google Play on Android.It is free.How it works:Download a map of your federal state.Augsburg is located in Bavaria. Then download the city map for Augsburg: Download from MAPS.ME in Google Play on Android or in the App Store. Are you looking for a classic-style map of the City of Augsburg? You can find one online on www.stadtplan.augsburg.de</p>",
      "language": 2,
      "currently_in_translation": false,
      "version": 1,
      "minor_edit": false,
      "last_updated": "2019-08-12T08:05:26.616Z",
      "creator": 1,
      "page": 5
    }
  },
  {
    "model": "cms.pagetranslation",
    "pk": 11,
    "fields": {
      "title": "گام نخست",
      "slug": "گام-نخست",
      "status": "PUBLIC",
      "content": "<p>گام نخست</p>",
      "language": 4,
      "currently_in_translation": false,
      "version": 1,
      "minor_edit": false,
      "last_updated": "2019-08-12T08:08:37.172Z",
      "creator": 1,
      "page": 1
    }
  },
  {
    "model": "cms.pagetranslation",
    "pk": 12,
    "fields": {
      "title": "نقشه شهر",
      "slug": "نقشه-شهر",
      "status": "PUBLIC",
      "content": "<p>آیا به نقشه شهر نیاز دارید؟ در اینجا به یک نقشه از شهر آوگسبورگ دسترسی پیدا می کنید. نقشه شهر رایگان است. این نقشه بدون نیاز به اتصال به اینترنت هم کار می کند و قابلیت جهت یابی هم دارد. نقشه شهر را به این ترتیب می توانید بدست آورید: اپ MAPS.ME را دانلود کنید. این اپ در پلی استور اندروید موجود است. این اپ رایگان است. به این شکل کار می کند: نقشه ایالت خود را دانلود کنید. آوگسبورگ در ایالت بایرن (باواریا) قرار دارد. سپس نقشه شهر آوگسبورگ را دانلود نمایید. دالود MAPS.ME در پلی استور اندروید اگر دنبال یک نقشه ساده از شهر آوگسبورگ هستید می توانید آن را در اینترنت در این آدرس پیدا کنیدwww.stadtplan.augsburg.de</p>",
      "language": 4,
      "currently_in_translation": false,
      "version": 1,
      "minor_edit": false,
      "last_updated": "2019-08-12T08:08:54.855Z",
      "creator": 1,
      "page": 5
    }
  },
  {
    "model": "cms.pagetranslation",
    "pk": 13,
    "fields": {
      "title": "معلومات الوصول",
      "slug": "معلومات-الوصول",
      "status": "PUBLIC",
      "content": "<p>معلومات الوصول</p>",
      "language": 3,
      "currently_in_translation": false,
      "version": 1,
      "minor_edit": false,
      "last_updated": "2019-08-12T08:09:45.052Z",
      "creator": 1,
      "page": 1
    }
  },
  {
    "model": "cms.pagetranslation",
    "pk": 14,
    "fields": {
      "title": "مرحبًا بكم في مدينة أوجسبورج",
      "slug": "مرحبا-بكم-في-مدينة-أوجسبورج",
      "status": "PUBLIC",
      "content": "<p>مرحبًا بكم في مدينة أوجسبورج ! من أجل دعمكم كطالبى وطالبات لجوء كُتبت هذه الخطوط الإرشادية الخاصة بالحياة اليومية في مدينتنا. فضلًا عن الموظفين المختصين والعناوين الهامة تجدون نصائح تساعدكم عند الخطوات الأولى. يتكون الدليل اليومى الذى بين أيديكم من عدة فصول يتناول كل منها موضوعات مختلفة. فبالإضافة إلى معلومات عن الأطباء والمدرسة ودورات تعلم اللغة الألمانية وعرض مختلف المؤسسات خصصنا لكم فصلًا كاملًا عن الترفيه في مدينة أوجسبرج. ونظرًا لأن هذا العرض يتجدد بإستمرار فمن المفيد غالبًا إلقاء نظرة على تطبيق الهاتف المحمول للإطلاع على الأنشطة والأحداث الجارية. ونأمل مساعدتكم في خطوات البدء بإستعمال دليل الهاتف المحمول المتوفر ونتطلع إلى الترحيب بكم في أوجسبرج مدينة الفوجرز.</p>",
      "language": 3,
      "currently_in_translation": false,
      "version": 1,
      "minor_edit": false,
      "last_updated": "2019-08-12T08:10:23.049Z",
      "creator": 1,
      "page": 2
    }
  },
  {
    "model": "cms.pagetranslation",
    "pk": 15,
    "fields": {
      "title": "نبذة حول تطبيق إنتجريت أوجسبورج",
      "slug": "نبذة-حول-تطبيق-إنتجريت-أوجسبورج",
      "status": "PUBLIC",
      "content": "<p>مرحبًا بكم في مدينة أوجسبورج ! من أجل دعمكم كطالبى وطالبات لجوء كُتبت هذه الخطوط الإرشادية الخاصة بالحياة اليومية في مدينتنا. فضلًا عن الموظفين المختصين والعناوين الهامة تجدون نصائح تساعدكم عند الخطوات الأولى. يتكون الدليل اليومى الذى بين أيديكم من عدة فصول يتناول كل منها موضوعات مختلفة. فبالإضافة إلى معلومات عن الأطباء والمدرسة ودورات تعلم اللغة الألمانية وعرض مختلف المؤسسات خصصنا لكم فصلًا كاملًا عن الترفيه في مدينة أوجسبرج. ونظرًا لأن هذا العرض يتجدد بإستمرار فمن المفيد غالبًا إلقاء نظرة على تطبيق الهاتف المحمول للإطلاع على الأنشطة والأحداث الجارية. ونأمل مساعدتكم في خطوات البدء بإستعمال دليل الهاتف المحمول المتوفر ونتطلع إلى الترحيب بكم في أوجسبرج مدينة الفوجرز.</p>",
      "language": 3,
      "currently_in_translation": false,
      "version": 1,
      "minor_edit": false,
      "last_updated": "2019-08-12T08:11:24.443Z",
      "creator": 1,
      "page": 3
    }
  },
  {
    "model": "cms.pagetranslation",
    "pk": 16,
    "fields": {
      "title": "به آوگسبورگ خوش آمدید",
      "slug": "به-آوگسبورگ-خوش-آمدید",
      "status": "PUBLIC",
      "content": "<p>به آوگسبورگ خوش آمدید! این راهنما شما را در انجام امور روزمره تان در آوگسبورگ یاری می کند. اینجا می توانید نام و نشانی های مهم و نیز نکات مفیدی را پیدا کنید که شما را در آوگسبورگ راهنمایی می کنند. این راهنما چند فصل دارد. و هر فصل به توضیح یک موضوع اختصاص دارد. به عنوان مثال در این راهنما اطلاعاتی در مورد پزشکان، مدارس، کلاس های زبان آلمانی و اداره جات آلمان موجود است. در این راهنما همچنین یک بخش درباره امکانات موجود برای گذراندن اوقات فراغت تنظیم شده است. اطلاعات مربوط به اوقات فراغت ممکن است مرتب تغییر کند و ما این تغییرات را در این صفحه بروز رسانی خواهیم کرد. به همین خاطر توضیه می کنیم مرتب به سایت سر بزنید یا اپ خود را چک کنید تا از تازه ترین اخبار و برنامه ها مطلاع شوید. ما امیدواریم با این اپ بتوانیم روزهای اول اقامت شما را در آوگسبورگ راحت تر و بعد از این زندگی در آوگسبورگ را برایتان دلپذیر تر نماییم. بسیار خرسندیم از اینکه به شما در شهر صلح و دوستی، آگسبورگ خوش آمد بگوییم.</p>",
      "language": 4,
      "currently_in_translation": false,
      "version": 1,
      "minor_edit": false,
      "last_updated": "2019-08-12T08:11:53.052Z",
      "creator": 1,
      "page": 3
    }
  },
  {
    "model": "cms.pagetranslation",
    "pk": 17,
    "fields": {
      "title": "الحياة في أوجسبرج",
      "slug": "الحياة-في-أوجسبرج",
      "status": "PUBLIC",
      "content": "<p>تقع أوجسبرج في جنوب غرب بافاريا وتبعد عن مدينة ميونخ حوالى 60 كم. بحوالى 284.000 نسمة تعد أوجسبرج ثالث أكبر مدينة في بافاريا بعد ميونخ ونورنبرج. . ويعود إسم المدينة إلى القيصر الرومانى أغسطس الذى أسس المدينة بين الأنهار والفرت أخ (نهر) قبل أكثر من 2000 عام. تنفرد مدينة أوجسبرج عن بقية مدن ألمانيا بالإحتفال كل عام بمهرجان أوجسبرج الأعلى للسلام الذى يعبرتعبيرَا تامَا عن حرية الأديان والسلام بينها. من الجدير بالمشاهدة هو مجلس المدينة بصالته الذهبية والـ Fuggerei \" سكن إجتماعى\" كواحدة من أقدم المساكن الإجتماعية بالمدينة واكتدرائية أوجسبرج. ومشجعى كرة القدم يمكنهم متابعة فريق أوجسبرج الرياضى الذى يلعب في الدورى الممتاز الألمانى منذ 2011 ويشارك على الصعيد الدولى في دورى أبطال أوربا منذ 2015. في الفقرة التالية تجدون عدد من إمكانيات قضاء أوقات الفراغ في مدينة أوجسبرج ومحيطها. يتم تحديث هذا المجال بإستمرار ويعتنى به العاملون أنفسهم. اخر تحديث: ٩ ديسمبر ٢٠١٧</p>",
      "language": 3,
      "currently_in_translation": false,
      "version": 1,
      "minor_edit": false,
      "last_updated": "2019-08-12T08:13:41.049Z",
      "creator": 1,
      "page": 4
    }
  },
  {
    "model": "cms.pagetranslation",
    "pk": 18,
    "fields": {
      "title": "Willkommen",
      "slug": "willkommen",
      "status": "PUBLIC",
      "content": "<p>Willkommen in Nürnberg</p>",
      "language": 1,
      "currently_in_translation": false,
      "version": 1,
      "minor_edit": false,
      "last_updated": "2019-08-12T08:17:48.382Z",
      "creator": 1,
      "page": 7
    }
  },
  {
    "model": "cms.pagetranslation",
    "pk": 19,
    "fields": {
      "title": "Willkommen in Nürnberg!",
      "slug": "willkommen-in-nurnberg",
      "status": "PUBLIC",
      "content": "<p>Willkommen in Nürnberg Sehr geehrte Damen und Herren, als Bürgermeister der Stadt Nürnberg möchte ich mich heute persönlich an Sie wenden und Sie in unserer Stadt begrüßen. Unsere Stadt, in der über 500 000 Menschen leben, hat eine lange Geschichte. Zu allen Zeiten sind Menschen hierher eingewandert und sind heimisch geworden. Sie werden feststellen, dass unsere Gesellschaft von Vielfalt geprägt ist: Über zwei Fünftel der Nürnberger Bevölkerung sind selbst eingewandert oder haben familiäre Wurzeln außerhalb Deutschlands. Sie haben hier ein Zuhause, Nachbarn und Freunde gefunden, manche von ihnen für einige Zeit und manche auf Dauer.Wir wünschen Ihnen, dass Sie sich schnell bei uns einleben. Dazu gehören zunächst das Erlernen unserer Sprache und ein Einfinden in unsere Werte und unsere Kultur. Zu unserer Willkommenskultur gehört ein positiver und offener Umgang mit der Vielfalt in unserer Stadt. Dies umfasst Toleranz und Achtung gegenüber Menschen mit anderen nationalen und kulturellen Wurzeln. Als Stadt des Friedens und der Menschenrechte sieht Nürnberg sich den Menschenrechten in ganz besonderer Weise verpflichtet. Gegenseitiger Respekt und Wertschätzung unserer Mitmenschen sind Grundvoraussetzungen für ein friedliches und solidarisches Zusammenleben. Ein umfassender Schutz vor Diskriminierung gehört ebenso dazu wie der Schutz der schwachen und verletzlichen Gruppen in unserer Gesellschaft wie Kinder und alte Menschen, Flüchtlinge oder Menschen mit Behinderungen. Auf dieser Basis wünsche ich uns, dass uns das Zusammenleben in Nürnberg gut gelingt und dass wir respektvoll miteinander umgehen. Ihr Dr. Ulrich Maly Oberbürgermeister der Stadt Nürnberg</p>",
      "language": 1,
      "currently_in_translation": false,
      "version": 1,
      "minor_edit": false,
      "last_updated": "2019-08-12T08:27:30.183Z",
      "creator": 1,
      "page": 8
    }
  },
  {
    "model": "cms.pagetranslation",
    "pk": 20,
    "fields": {
      "title": "Zusammenleben in Deutschland",
      "slug": "zusammenleben-in-deutschland",
      "status": "PUBLIC",
      "content": "<p>Das Grundgesetz In jedem Land gibt es Regeln, an die sich alle Menschen halten müssen. Das wichtigste Gesetz für Deutschland ist das Grundgesetz. Es ist eine Sammlung von 146 Artikeln. Jeder Artikel steht für ein Gesetz, also eine Regel. Diese Regeln bestimmen das Zusammenleben in Deutschland. Die Grundrechte schützen den Freiheitsraum jedes Einzelnen. Sie sind in den Artikeln 1 bis 19 des Grundgesetzes festgelegt (Grundrechtskatalog). Schutz der Menschenwürde Artikel 1 (1) Die Würde des Menschen ist unantastbar. Sie zu achten und zu schützen ist Verpflichtung aller staatlichen Gewalt. (...) Recht auf Freiheit der Person Artikel 2 (1) Jeder hat das Recht auf die freie Entfaltung seiner Persönlichkeit, soweit er nicht die Rechte anderer verletzt und nicht gegen die verfassungsmäßige Ordnung oder das Sittengesetz verstößt. (...) Auch das Recht auf sexuelle Selbstbestimmung ist damit gemeint. Das bedeutet: Jeder Mensch darf für sich selbst entscheiden, bei welchen sexuellen Handlungen er mitmachen will und niemand darf zu etwas gezwungen werden, was er nicht möchte. Mehr Infos: »» Sexuelle Selbstbestimmung Gleichheit vor dem Gesetz Artikel 3 (1) Alle Menschen sind vor dem Gesetz gleich. (2) Männer und Frauen sind gleichberechtigt. Der Staat fördert die tatsächliche Durchsetzung der Gleichberechtigung von Frauen und Männern und wirkt auf die Beseitigung bestehender Nachteile hin. www.zanzu.de (3) Niemand darf wegen seines Geschlechtes, seiner Abstammung, seiner Rasse, seiner Sprache, seiner Heimat und Herkunft, seines Glaubens, seiner religiösen oder politischen Anschauungen benachteiligt oder bevorzugt werden. Niemand darf wegen seiner Behinderung benachteiligt werden. Glaubens-, Gewissens- und Bekenntnisfreiheit Artikel 4 (1) Die Freiheit des Glaubens, des Gewissens und die Freiheit des religiösen und weltanschaulichen Bekenntnisses sind unverletzlich. (...) Freiheit von Meinung, Kunst und Wissenschaft Artikel 5 (1) Jeder hat das Recht, seine Meinung in Wort, Schrift und Bild frei zu äußern und zu verbreiten und sich aus allgemein zugänglichen Quellen ungehindert zu unterrichten. Die Pressefreiheit und die Freiheit der Berichterstattung durch Rundfunk und Film werden gewährleistet. Eine Zensur findet nicht statt. (...) Schutz von Ehe und Familie und von Kindern nicht verheirateter Eltern Artikel 6 (1) Ehe und Familie stehen unter dem besonderen Schutze der staatlichen Ordnung. (...) Hier finden Sie das Grundgesetz in 11 Sprachen:* »»Arabisch, »»Chinesisch, »»Englisch, »»Französisch, »»Italienisch, »»Persisch, »»Polnisch, »»Russisch, »»Serbisch, »»Spanisch, »»Türkisch und natürlich auf »»Deutsch. *Eine derartige Sprachvielfalt konnte auf keiner anderen Homepage gefunden werden. Wie der deutsche Rechtsstaat funktioniert, wird in dem Film anschaulich dargestellt: »»Deutsch, »»Dari, »»Arabisch, »»Englisch, »»Französisch, »»Paschtu, »»Urdu. Allgemeine Erklärung der Menschenrechte Menschenrechte sind wichtige Rechte, die immer und für alle Menschen auf der ganzen Welt gelten. Menschenrechte sind Rechte, die jeder Mensch aufgrund seines Menschseins hat. Sie schützen die Würde eines jeden Menschen und stehen allen Menschen gleichermaßen zu ohne irgendeinen Unterschied, etwa nach „ (…) Hautfarbe, Geschlecht, Sprache, Religion, politischer oder sonstiger Anschauung, nationaler oder sozialer Herkunft, Vermögen, Geburt oder sonstigem Stand.“ (Art. 2. der Allgemeinen Erklärung der Menschenrechte der Vereinten Nationen vom 10.12.1948) Es gibt 30 Rechte. Die wichtigsten sind: Alle Menschen sind gleich viel wert. Jeder Mensch darf eine eigene Meinung haben. Recht auf Frieden und Sicherheit. Besuchen Sie die Straße der Menschenrechte! Jedes der Elemente in der Straße der Menschenrechte trägt in Kurzform einen der Menschenrechtsartikel in deutscher und einer anderen Sprache. Die „Straße der Menschenrechte\" ist sowohl eine Anklage gegen die Verbrechen der Nationalsozialisten als auch eine zu Stein gewordene Mahnung an die Menschen, dass die Menschenrechte auch heute noch in vielen Staaten der Erde massiv verletzt werden. Straße der Menschenrechte Kartäusergasse 1, 90402 Nürnberg Kinderrechte Kinder brauchen besonderen Schutz und deshalb auch besondere Rechte. Festgeschrieben sind die einzelnen Kinderrechte in der Kinderrechtskonvention. Sie wurde 1989 von der UN-Generalversammlung verabschiedet und anschließend von 193 Staaten ratifiziert. Insgesamt umfasst die UN- Kinderrechtskonvention 54 Artikel. Im Nürnberger Stadtpark gibt es die Straße der Kinderrechte. Hier können Kinder spielerisch an acht Stationen mehr über ihre Rechte erfahren. Mehr Informationen finden Sie hier: »»Freizeitangebote für Kinder und Jugendliche. \"Kinder haben auch Rechte\" ist das Jahresthema vom Bündnis für Familie in Nürnberg. Mehr Informationen zu Kinderrechten in Nürnberg: »»Kinderrechte in Nürnberg Die 10 wichtige Kinderrechte finden Sie hier anschaulich erklärt: »»Arabisch und »»Persisch.</p>",
      "language": 1,
      "currently_in_translation": false,
      "version": 1,
      "minor_edit": false,
      "last_updated": "2019-08-12T08:27:25.680Z",
      "creator": 1,
      "page": 9
    }
  },
  {
    "model": "cms.pagetranslation",
    "pk": 21,
    "fields": {
      "title": "Wissenswertes über Nürnberg",
      "slug": "wissenswertes-uber-nurnberg",
      "status": "PUBLIC",
      "content": "<p>Nürnberg liegt im Bundesland Bayern und im Bezirk Mittelfranken. Nürnberg hat über 500.000 Einwohner und ist nach München die zweitgrößte Stadt in Bayern. Quer durch das Stadtgebiet fließt ein Fluss mit dem Namen Pegnitz. In Nürnberg gibt es viele interessante und schöne Orte. Aber besonders bekannt ist Nürnberg wegen seiner mittelalterlichen Burg (Kaiserburg), dem Germanischen Nationalmuseum und seinem Christkindlesmarkt auf dem Hauptmarkt. Die Stadt Nürnberg wurde im Jahr 1050 erstmals in einer kaiserlichen Urkunde erwähnt. Der Name Nürnberg kommt von „Norenberc“, was „felsiger Berg“ bedeutet. „Felsiger Berg“ deshalb, weil die Nürnberger Burg auf einem Sandsteinfelsen erbaut wurde. Der Weg die Burgstraße hinauf ist sehr steil, lohnt sich aber! Von dem Aussichtsplatz hat man einen tollen Blick über die Stadt. Dieser Teil der Burg kostet keinen Eintritt. Viel Interessantes über die Nürnberger Stadtgeschichte erfährt man im Stadtmuseum, dem Fembohaus. Mit dem »»Nürnberg-Pass kostet der Eintritt nur 1,50 Euro. Eine sehr berühmter Nürnberger ist Albrecht Dürer. Er lebte von 1497 bis 1528. Er war Maler, Mathematiker und Kunsthistoriker. Heute erinnert noch viel an Albrecht Dürer. Es gibt zum Beispiel den Albrecht-Dürer-Platz mit einem Standbild von ihm und sein ehemaliges Wohnhaus ist heute ein Museum, das Albrecht-Dürer-Haus. Bekannt ist Nürnberg auch für Spielzeug. Deshalb findet auch in Nürnberg die größte Spielwarenmesse der Welt statt. Seit dem Mittelalter wird in Nürnberg Spielzeug hergestellt. Im Spielzeugmuseum lässt sich die Geschichte des Spielzeugs in Nürnberg und der Welt bestaunen. Auch hier zahlen Personen mit »»Nürnberg-Pass nur 1,50 Eintritt! Nürnberg ist auch bekannt für Lebkuchen und Bratwürste. Ein Lebkuchen ist ein Gebäck mit vielen Gewürzen. Sie werden nach geheimem Rezept bereits seit dem 14. Jahrhundert produziert und sind in der ganzen Welt bekannt. Nürnberg wird auch die \"Stadt der Lebkuchen\" genannt. Auch die Bratwürste werden nach geschütztem Rezept hergestellt und als Markenprodukt in die ganze Welt verkauft. Überall in der Stadt findet man kleine Buden, die \"Drei im Weggla\" verkaufen. Das bedeutet drei Nürnberger Bratwürste in einem Brötchen. In Nürnberg startete am 7. Dezember 1835 die erste Dampflok Deutschlands auf der Strecke von Nürnberg nach Fürth. Damit war das Industriezeitalter für Nürnberg eingeläutet. Die Dampflok hieß \"Adler\" und kann noch heute im Verkehrsmuseum besichtigt werden. Nürnberg ist auch als Stadt der Reichsparteitage bekannt. Während der Zeit des Nationalsozialismus entstand in Nürnberg das Reichsparteitagsgelände, um die Parteitage der NSDAP mit Hunderttausenden Teilnehmern abzuhalten. Noch heute können große Teile der Anlage besichtigt werden, zudem informiert das Dokumentationszentrum Reichsparteitagsgelände detailliert über die historischen Ereignisse. Heute finden auf diesem Gelände große Konzertveranstaltungen und Autorennen statt. Nach Ende des 2. Weltkrieges mussten sich führende Vertreter des Nationalsozialistischen Regimes vor dem Internationalen Militärgerichtshof für ihre Verbrechen verantworten. Diese \"Nürnberger Prozesse\" stellten die Grundlage für eine Weiterentwicklung des Völkerrechts dar und sind im Museum Memorium Nürnberger Prozesse dokumentiert. Als weitere Erinnerung an die Verbrechen der Nationalsozialisten mahnt die Straße der Menschenrechte mit den auf 27 Säulen eingravierten Menschenrechtsartikeln, in verschiedenen Sprachen, an die heutige Situation in vielen Staaten und ruft zu einem friedlichen Miteinander der Kulturen auf.</p>",
      "language": 1,
      "currently_in_translation": false,
      "version": 1,
      "minor_edit": false,
      "last_updated": "2019-08-12T08:27:20.623Z",
      "creator": 1,
      "page": 10
    }
  },
  {
    "model": "cms.pagetranslation",
    "pk": 22,
    "fields": {
      "title": "Stadtplan",
      "slug": "stadtplan",
      "status": "PUBLIC",
      "content": "<p>Sie suchen eine bestimmte Adresse oder einen interessanten Punkt in Nürnberg?! MAPS-Me bietet eine Navigationsfunktion, ist kostenlos und offline nutzbar. So bekommen Sie den Stadtplan: Downloaden Sie die App MAPS.ME. Sie finden die App im Android PlayStore. Sie ist kostenlos. Downloaden Sie eine Karte Ihres Bundeslandes. Nürnberg liegt in Bayern. Downloaden Sie dann den Stadtplan für Nürnberg: »»Download von MAPS.ME im Android PlayStore oder im App Store.</p>",
      "language": 1,
      "currently_in_translation": false,
      "version": 1,
      "minor_edit": false,
      "last_updated": "2019-08-12T08:27:16.550Z",
      "creator": 1,
      "page": 11
    }
  },
  {
    "model": "cms.pagetranslation",
    "pk": 23,
    "fields": {
      "title": "Über Integreat",
      "slug": "uber-integreat",
      "status": "PUBLIC",
      "content": "<p>Dieser Leitfaden unterstützt Sie in Ihrem Alltag in Nürnberg. Sie finden hier wichtige Adressen, Ansprechpartner und Tipps und Tricks, die Ihnen bei der Orientierung in Nürnberg helfen können. Ihr Alltagsguide hat mehrere Kapitel. Jedes Kapitel bearbeitet ein anderes Thema. Sie finden zum Beispiel Informationen zu Ärzten, Schulen, Deutschkursen oder anderen Institutionen. Es gibt auch ein Kapitel mit Ideen, was Sie in Ihrer Freizeit machen können. Die Informationen und Freizeitangebote ändern sich und wir aktualisieren regelmäßig. Deswegen ist es sehr gut, wenn Sie oft in Ihre mobile App schauen und sich über aktuelle Aktionen und Veranstaltungen informieren. Sie können diese App auch offline benutzen, wenn Sie keinen Internet-Zugang haben. Wenn Sie wieder online sind, aktualisiert sich die App von selbst. Wir hoffen sehr, dass wir Ihren Aufenthalt hier in Nürnberg mit dieser App vereinfachen können. Wir freuen uns, Sie hier in Nürnberg, der Stadt des Friedens und der Menschenrechte, begrüßen zu dürfen. BMFSFJ_DemokratieLeben</p>",
      "language": 1,
      "currently_in_translation": false,
      "version": 1,
      "minor_edit": false,
      "last_updated": "2019-08-12T08:27:11.677Z",
      "creator": 1,
      "page": 12
    }
  },
  {
    "model": "cms.pagetranslation",
    "pk": 24,
    "fields": {
      "title": "Aufenthaltstitel",
      "slug": "aufenthaltstitel",
      "status": "PUBLIC",
      "content": "<p>Jeder Ausländer hat einen „Ausweis“. Der Ausweis gibt Auskunft über den Status und ob Einschränkungen der Erwerbstätigkeit zu beachten sind (Wann darf ich arbeiten?). Es gibt 5 verschiedene Dokumente: 1. Ankunftsnachweis Status: Asylbegehrende Hintergrund: Wird Ausländern ausgestellt, die um Asyl begehrt haben. Gültig für die Zeit zwischen Meldung als Asylbegehrender und offizieller Asylantragstellung beim Bundesamt für Migration und Flüchtlinge (BAMF). Ankunftsnachweis 2. Aufenthaltsgestattung Status: Asylsuchende Hintergrund: Wird zur Durchführung eines Asylverfahrens bis zur Entscheidung des Bundesamtes für Migration und Flüchtlinge (BAMF) ausgestellt. Der Ausweis für Asylsuchende enthält Auflagen zu Beschäftigung, Wohnsituation und anfänglicher räumlicher Beschränkung. Ist eine Arbeitsgenehmigung notwendig, kann diese bei der »»Ausländerbehörde beantragt werden (Arbeitgeber oder Arbeitnehmer) Zuständig bei Vermittlung in Arbeit: »»Agentur für Arbeit 3. Fiktionsbescheinigung Status: Anerkannte Flüchtlinge Hintergrund: Dokument für den Übergang ab positivem Entscheid Asylverfahren bis zur Erteilung der Aufenthaltserlaubnis. 4. Aufenthaltserlaubnis Status: Anerkannte Flüchtlinge Hintergrund: positive Asylentscheidung Die Aufenthaltserlaubnis ist ein zeitlich befristeter Aufenthaltstitel. Sie wird zu den im Aufenthaltsgesetz genannten Zwecken erteilt (z.B. Aufenthalt aus humanitären Gründen). Grundlage für ständiges Aufenthaltsrecht Eröffnet die Möglichkeit eines späteren unbefristeten Aufenthaltsrechts (Niederlassungserlaubnis) Uneingeschränkter Zugang zum Arbeitsmarkt ohne Arbeitsgenehmigung Zuständigkeit für die Vermittlung in Arbeit oder finanzielle Leistungen: »»Jobcenter 5. Duldung Status: Geduldete Hintergrund: Negative Asylentscheidung Eine Duldung ist eine Aussetzung der Abschiebung und kein rechtmäßiger Aufenthalt! Sie wird erteilt, wenn eine Abschiebung aus rechtlichen, tatsächlichen, humanitären, persönlichen Gründen unmöglich ist. Generelle Duldungsregelung für bestimme Gruppen durch Anordnung der obersten Landesbehörde für die Dauer von längstens 3 Monaten möglich („Abschiebungsstopp“) Arbeitsgenehmigung ist grundsätzlich notwendig, Beantragung bei der »»Ausländerbehörde (Arbeitgeber oder Arbeitnehmer) Zuständig bei Vermittlung in Arbeit: »»Agentur für Arbeit (Stand Januar 2017)</p>",
      "language": 1,
      "currently_in_translation": false,
      "version": 1,
      "minor_edit": false,
      "last_updated": "2019-08-12T08:27:07.546Z",
      "creator": 1,
      "page": 13
    }
  },
  {
    "model": "cms.pagetranslation",
    "pk": 25,
    "fields": {
      "title": "الترحيب",
      "slug": "الترحيب",
      "status": "PUBLIC",
      "content": "<p>الترحيب</p>",
      "language": 3,
      "currently_in_translation": false,
      "version": 1,
      "minor_edit": false,
      "last_updated": "2019-08-12T08:22:18.602Z",
      "creator": 1,
      "page": 7
    }
  },
  {
    "model": "cms.pagetranslation",
    "pk": 26,
    "fields": {
      "title": "مرحبًا بكم في نورنبيرغ!",
      "slug": "مرحبا-بكم-في-نورنبيرغ",
      "status": "PUBLIC",
      "content": "<p>مرحبًا بكم في نورنبيرغ السيدات والسادة، يسرني، كعمدة نورنبيرغ أن أتحديث إليكم اليوم بنفسي وأرحب بكم في مدينتنا. تتمتع مدينتنا، التي يعيش بها قرابة 500000 نسَمة، بتاريخ عريق. ففي كل زمان يأتي المهاجرون إلى هذه المدينة ويصبحون من أهلها.حيث يرون طابع التنوّع الذي يتسم به مجتمعنا:فأكثر من خُمسي سكان نورنبيرغ من المهاجرين أو من أصول مشابهة خارج ألمانيا. لقد وجدتم هنا البيت، والجيران، والأصدقاء، بصفة مؤقتة لبعضكم وبصفة دائمة للبعض الآخر. نتمنى لكم أن تتأقلموا مع وجودكم بيننا سريعًا. ومما سيساعدكم على ذلك، تعلم لغتنا وفهم قيمنا وثقافتنا. ومن ضمن ثقافتنا الترحيبية، نوفر لكم بيئة إيجابية ومفتوحة مليئة بالتنوع في مدينتنا. والتي تحث على التسامح ومراعاة الآخرين من الجذور القومية والثقافية الأخرى. وبوصفنا مدينة السلام وحقوق الإنسان، تلتزم مدينة نورنبيرغ بحقوق الإنسان على نحو خاص للغاية.فالاحترام والتقدير المتبادل تجاه من حولنا من البشر هو المقوّم الرئيسي لنتعايش معًا في سلام وتضامن. وتشمل قيمنا أيضًا الحماية الكاملة من التفرقة وكذلك حماية الأقليات والمجموعات الضعيفة في مجتمعنا مثل الأطفال وكبار السن، أو اللاجئين، أو الأشخاص ذوي الإعاقة. وعلى هذا الأساس، أتمنى أن نتمكن من التعايش في نورنبيرغ بنجاح وأن نتأقلم معًا بكل احترام. تحياتي، د. أولريش مالي عمدة مدينة نورنبيرغ اخر تحديث: ٣١ أغسطس ٢٠١٧</p>",
      "language": 3,
      "currently_in_translation": false,
      "version": 1,
      "minor_edit": false,
      "last_updated": "2019-08-12T08:22:31.270Z",
      "creator": 1,
      "page": 8
    }
  },
  {
    "model": "cms.pagetranslation",
    "pk": 27,
    "fields": {
      "title": "Welcome",
      "slug": "welcome",
      "status": "PUBLIC",
      "content": "<p>Welcome</p>",
      "language": 2,
      "currently_in_translation": false,
      "version": 1,
      "minor_edit": false,
      "last_updated": "2019-08-12T08:23:17.994Z",
      "creator": 1,
      "page": 7
    }
  },
  {
    "model": "cms.pagetranslation",
    "pk": 28,
    "fields": {
      "title": "Community Life in Germany",
      "slug": "community-life-in-germany",
      "status": "PUBLIC",
      "content": "<p>The Basic Law In every country, there are rules that everyone has to adhere to. The most important law in Germany is the Basic Law. It is a collection of 146 articles. Every article stands for a law – i.e., a rule.These rules govern community life in Germany.The fundamental rights protect the freedom of each individual. They are stipulated in Articles 1 to 19 of the Basic Law (Catalogue of Fundamental Rights). Protection of Human Dignity Article 1 (1) Human dignity shall be inviolable. To respect and protect it shall be the duty of all state authority. (...) Personal Freedoms Article 2 (1) Every person shall have the right to free development of his personality insofar as s/he does not violate the rights of others or offend against the constitutional order or the moral law. (...) This also means the right to sexual self-determination. This means: All human beings can decide for themselves which sexual acts they wants to participate in and nobody can be forced to do something they do not want to do. More information: »» Sexual Self-Determination Equality Before the Law Article 3 (1) All persons shall be equal before the law. (2) Men and women shall have equal rights. The state shall promote the actual implementation of equal rights for women and men and take steps to eliminate disadvantages that now exist. www.zanzu.de (3) No person shall be favoured or disfavoured because of sex, parentage, race, language, homeland and origin, faith, or religious or political opinions. No person shall be disfavoured because of disability. Freedom of Faith, Conscience and Creed Article 4 (1) Freedom of faith and of conscience, and freedom to profess a religious or philosophical creed, shall be inviolable. (...) Freedom of Expression Article 5 (1) Every person shall have the right freely to express and disseminate her/his opinions in speech, writing, and pictures and to inform herself/himself without hindrance from generally accessible sources. Freedom of the press and freedom of reporting by means of broadcasts and films shall be guaranteed. There shall be no censorship. (...) Marriage and the Family; Children Born Outside of Marriage Article 6 (1) Marriage and the family shall enjoy the special protection of the state. (...) Here you can find the Basic Law in 11 languages:* »»Arabic, »»Chinese, »»English, »»French, »»Italian, »»Persian, »»Polish, »»Russian, »»Serbian, »»Spanish, »»Turkish and of course in »»German. *It was not possible to find this kind of linguistic diversity on any other website. How the German legal state works is illustrated visually in this film: »»German, »»Dari, »»Arabic, »»English, »»French, »»Pashto, »»Urdu. Universal Declaration of Human Rights Human rights are important rights that apply to everyone all over the world. Human rights are rights that every person has because of their humanity. They protect the dignity of every human being and apply to every person equally, regardless of \"race, colour, sex, language, religion, political or other opinion, national or social origin, property, birth or other status.\" (Article 2. of the United Nations' Universal Declaration of Human Rights, issued on 10/12/1948) There are 30 rights. The most important are: All people are of equal value. Everyone is allowed to have their own opinion. Right to peace and safety. Visit the Road of Human Rights! Each of the elements in the Road of Human Rights takes one of the human rights articles in German and in another language. The Road of Human Rights is both a denunciation of the crimes committed by the Nazis and a reminder that human rights are still being severely violated in many countries worldwide. Road of Human Rights (Straße der Menschenrechte) Kartäusergasse 1, 90402 Nürnberg Children's Rights Children need extra protection, which is why they also have special rights. The individual children's rights are stipulated in the Convention on the Rights of the Child. This was adopted by the UN General Assembly in 1989 and subsequently ratified by 193 countries. The UN Convention on the Rights of the Child includes 54 articles. In Nuremberg City Park can be found the Road of Children’s Rights. Here, children can learn more about their rights at eight different points. You can find more information here: »»Activities for Children and Teenagers. Children Have Rights Too is the annual theme of the Alliance for Family in Nuremberg. More information on children's rights in Nuremberg: »»Children's Rights in Nuremberg The 10 most important Children’s rights are visually explained here:»»Arabic and »»Persian.</p>",
      "language": 2,
      "currently_in_translation": false,
      "version": 1,
      "minor_edit": false,
      "last_updated": "2019-08-12T08:23:59.042Z",
      "creator": 1,
      "page": 9
    }
  },
  {
    "model": "cms.pagetranslation",
    "pk": 29,
    "fields": {
      "title": "About Integreat",
      "slug": "about-integreat",
      "status": "PUBLIC",
      "content": "<p>This guide will support you in your everyday life in Nuremberg. You will find important addresses, contact persons and tips and tricks to help you to orient yourself better in Nuremberg. Your daily guide has several chapters. Every chapter deals with a different subject. For example, you will find information on doctors, schools, German courses or other institutions. There is also a chapter with ideas on what you can do in your spare time. The information and leisure offers are changing and we update them regularly. That's why it is a good idea to take a regular look at your mobile app and get information about current activities and events. You can also use this app offline. The app will update automatically when you are back online again. We hope that this app makes your life in Nuremberg a little bit easier. We are looking forward to welcoming you here in Nuremberg, the city of peace and human rights.</p>",
      "language": 2,
      "currently_in_translation": false,
      "version": 1,
      "minor_edit": false,
      "last_updated": "2019-08-12T08:24:36.101Z",
      "creator": 1,
      "page": 12
    }
  },
  {
    "model": "cms.pagetranslation",
    "pk": 30,
    "fields": {
      "title": "Trivia about Nuremberg",
      "slug": "trivia-about-nuremberg",
      "status": "PUBLIC",
      "content": "<p>Nuremberg is located in the province of Bavaria and in the district of Middle Franconia. Nuremberg has over 500,000 inhabitants and is the second largest city in Bavaria after Munich. A river called the Pegnitz flows straight through the city. In Nuremberg there are many interesting and beautiful places. Nuremberg is particularly well-known for its medieval castle (Kaiserburg), theGerman National Museum and its Christkindlesmarkt on the Hauptmarkt. The city of Nuremberg was mentioned for the first time in an imperial document in 1050. The name Nuremberg comes from \"Norenberc\", meaning \"rocky mountain\". “Rocky mountain\", because the Nuremberg castle was built on a sandstone cliff. The path up to the castle road is very steep, but worth it! From the viewpoint you have a great view over the city.This part of the castle is free to enter. There is a lot of interesting information to be learnt about Nuremberg’s history in the City Museum, the Fembohaus. With the »»Nuremberg pass the entry fee is only €1.50. A very famous resident of Nuremberg is Albrecht Dürer. He lived from 1497 to 1528. He was a painter, mathematician and art historian. There is a still a lot to remind us of Albrecht Dürer today. For example, there is the Albrecht-Dürer-Platz with a statue of him and his former home has been turned into a museum, the Albrecht-Dürer-Haus. Nuremberg is also well known for toys. This is why Nuremberg is home to the largest toy trade fair in the world. Toys have been manufactured in Nuremberg since the Middle Ages. In theToy Museumyou can admire the history of toys both in Nuremberg and the world. Anyone with the »»Nuremberg pass also pays an entry price of only 1.50! Nuremberg is also famous for gingerbread and bratwurst. Gingerbread is a biscuit baked with many spices. It has been produced with a secret recipe since the 14th century and is famous worldwide. Nuremberg is also called the \"city of gingerbread\". Bratwurst sausages are also made according to a secret recipe and sold as a branded product all over the world. You can find small booths selling “Drei im Weggla” all over the city. That means three Nuremberg bratwurst in a bun. The first German steam locomotive started its journey from Nuremberg to Fürth in Nuremberg on 7 December 1835.This was the beginning of the industrial age for Nuremberg. The steam locomotive was called \"Adler\" and can still be seen today in the Transport Museum. Nuremberg is also known as the city of the Nuremberg Rally.During the time of National Socialism, the Nazi party rally grounds were set up in Nuremberg to hold the party conferences of the NSDAP with hundreds of thousands of participants.Even today, large parts of the complex can be visited, as well as the Reich’s Party Rally Grounds Documentation Centre, which offers detailed information about the historical events. Today, large concerts and motor races take place on this site. After the end of the Second World War, leading representatives of the National Socialist regime had to take responsibility for their crimes before the International Military Court.These \"Nuremberg Trials\" formed the basis for a further development of international law and are documented in the Museum Memorium Nürnberger Prozesse . As a reminder of the crimes committed by the National Socialists,the Human Rights Trail with the human rights articles engraved on 27 pillars in various languages, reminds us of the current situation in many countries and calls for a peaceful coexistence of cultures.</p>",
      "language": 2,
      "currently_in_translation": false,
      "version": 1,
      "minor_edit": false,
      "last_updated": "2019-08-12T08:25:07.407Z",
      "creator": 1,
      "page": 10
    }
  },
  {
    "model": "cms.pagetranslation",
    "pk": 31,
    "fields": {
      "title": "معلومات قيّمة عن نورنبيرغ",
      "slug": "معلومات-قيمة-عن-نورنبيرغ",
      "status": "PUBLIC",
      "content": "<p>تقع نورنبيرغ في المقاطعة الاتحادية بافاريا وبمنطقة وسط فرانكن. يعيش في نورنبيرغ أكثر من 500000 نسَمة، وهي ثاني أكبر مدينة في بافاريا بعد ميونيخ. ويتدفق عبر المدينة نهر يُسمى \"بيغنيتس\". هناك أربعة أماكن جميلة ومثيرة للاهتمام في نورنبيرغ. ولكن تشتهر نورنبيرغ بشكل خاصبقلعة العصور الوسطى (كايزربورغ), والمتحف القومي الجرماني و سوق الكريسماسبالسوق الرئيسي. ُذُكرت مدينة نورنبيرغ في الشهادات الإمبراطورية لأول مرة عام 1050. واسم نورنبيرغ مشتق من كلمة \"Norenberc\" (نورنبيرك) وتعني \"الجبل الصخري\". ويرجع اسم \"الجيل الصخري\" إلى أن قلعة نورنبيرغ قد بُنيت على صخرة رملية. والطريق نحو شارع القلعة منحدر للغاية، لكنه يستحق العناء! ومن فوق ميدان أوسزيشت بلاتس يمكنكم الاستمتاع بمنظر رائع للمدينة.ويكون دخول هذا الجزء من القلعة مجانيًا. يمكنكم معرفة الكثير من الأمور الشيّقة حول تاريخ مدينة نورنبيرغ في متحف المدينة فيمبوهاوس. وباستخدام &lt;&lt;جواز المرور إلى نورنبيرغ&gt;&gt; سيكلفكم الدخول 1.50 يورو فقط. \"ألبريشت دورر\" هو أحد أشهر أبناء مدينة نورنبيرغ. لقد وُلد عام 1497 وتوفي عام 1528. وكان رسّامًا، وعالم رياضيات، ومؤرخ فني. وحتى اليوم لا زالت هناك الكثير من الأمور التي تذكرنا بـ\"ألبريشت دورر\". فعلى سبيل المثال، هناك ميدان ألبريشت دورر والذي يضم تمثالاً له، واليوم أصبح منزله السابق متحفًا، ويُعرف باسمبيت ألبريشت دورر. كما تشتهر نورنبيرغ أيضًا باللعب. لذلك يُقام في نورنبيرغ أكبر معرض للعب في العالم. ومنذ العصور الوسطى، تقوم نورنبيرغ بتصنيع اللعب. فيمتحف اللعب سيُدهشكم تاريخ اللعب في نورنبيرغ وفي العالم. وهنا أيضًا يسدد حاملو &lt;&lt;جواز المرور إلى نورنبيرغ&gt;&gt; مبلغ 1.50 يورو فقط! كما تشتهر نورنبيرغ أيضًا بكعك الزنجبيل والنقانق المقلية. كعك الزنجبيل هو كعك يحتوي على الكثير من التوابل. ويتم تحضيرها من وصفة سرية منذ القرن الرابع عشر وهي مشهورة في العالم بأكمله. حتى أُطلق على نورنبيرغ اسم \"مدينة كعك الزنجبيل\". كما يتم إنتاج النقانق المقلية من وصفة مخفيّة وتُباع في العالم بأكمله كسلعة تجارية معروفة. وفي كل أنحاء المدينة، تجدون أكواخًا صغيرة، تبيع نقانق نورنبيرغ الشهيرة \"Drei im Weggla\". وهي عبارة عن نقانق نورنبيرغ في الخبز الصغير. بدأ أول قطار بخاري في ألمانيا في نورنبيرغ في 7 ديسمبر 1835 وكان يغطي المسافة من نورنبيرغ إلى فورت.وبذلك بدأ العصير الصناعي لمدينة نورنبيرغ. وقد أُطلق على القطار البخاري اسم \"النسر\" ويمكن مشاهدته اليوم فيمتحف وسائل النقل. تشتهر نورنبيرغ أيضًا بأنها مدينة الكونغرس النازي.خلال العهد الناري تم إنشاء مبنى الكونغرس النازي في نورنبيرغ، ليكون مقرًا للمؤتمر الحزبي للحزب النازي الذي كان يضم مئات الآلاف من الأعضاء.وحتى اليوم لا زال من الممكن زيارة جزء كبير من المكان، كما يقدم مركز التوثيق بمبنى الكونغرس النازيمعلومات مفصّلة حول الأحداث التاريخية. أما اليوم فتُقام في ذلك المكان أحداث موسيقية كبرى وسباقات للسيارات. بعد انتهاء الحرب العالمية الثانية، كان لزامًا على كبار ممثلي النظام النازي المثول أمام محكمة النظام العسكري الدولية للردّ على جرائمهم.وتمثل \"محاكمات نورنبيرغ\" هذه أساسًا لمواصلة تطوير القانون الدولي وهي موثقة في متحف المعرض التذكاري لمحاكمات نورنبيرغ . وكتذكار آخر بجرائم النازية، يذكرنا شارع حقوق الإنسان الذي يضم 27 عمودًا حُفرت عليهم مواد حقوق الإنسان، بلغات مختلفة، بالوضع الحالي في العديد من الدول ويدعو إلى تعايش الثقافات معًا في سلام. اخر تحديث: ٣١ أغسطس ٢٠١٧</p>",
      "language": 3,
      "currently_in_translation": false,
      "version": 1,
      "minor_edit": false,
      "last_updated": "2019-08-12T08:25:47.203Z",
      "creator": 1,
      "page": 10
    }
  },
  {
    "model": "cms.pagetranslation",
    "pk": 32,
    "fields": {
      "title": "خوش آمدید",
      "slug": "خوش-آمدید",
      "status": "PUBLIC",
      "content": "<p>خوش آمدید</p>",
      "language": 4,
      "currently_in_translation": false,
      "version": 1,
      "minor_edit": false,
      "last_updated": "2019-08-12T08:26:21.723Z",
      "creator": 1,
      "page": 7
    }
  },
  {
    "model": "cms.pagetranslation",
    "pk": 33,
    "fields": {
      "title": "درباره Integreat",
      "slug": "درباره-integreat",
      "status": "PUBLIC",
      "content": "<p>این راهنما، در زندگی روزمره در نورنبرگ به شما کمک می کند. شما در آن نشانی های مهم، مراکز پاسخگویی و نکات و روش هایی را پیدا می کنید که برای تثبیت شدن در نورنبرگ به شما کمک می کنند.&rlm; این راهنمای مسائل روزمره چندین بخش دارد. هر بخش به موضوع متفاوتی می پردازد. شما مثلا اطلاعات مربوط به پزشکان، مدارس، دوره های آلمانی یا موسسات دیگر را پیدا می کنید. همچنین بخشی از آن مربوط است به کارهایی که شما در اوقات فراغت می توانید انجام دهید. اطلاعات و امکانات اوقات فراغت تغییر می کنند و ما مرتب آنها را به روز می کنیم. به همین دلیل بسیار خوب است اگر شما مرتب در اپلیکیشن تلفن همراه خود نگاه کنید و درباره رویدادها و برنامه های روز مطلع شوید.&rlm; اگر به اینترنت دسترسی ندارید، می توانید از این اپلیکیشن به صورت آفلاین نیز استفاده کنید. هنگامی که دوباره آنلاین شدید، اپلیکیشن بصورت خودکار به روز می شود.&rlm; بسیار امیدواریم که با این اپلیکیشن، بتوانیم اقامت شما را در نورنبرگ آسان کنیم. خوشحال می شویم که به شما در نورنبرگ، شهر صلح و حقوق بشر، خوش آمد بگوییم.&rlm; BMFSFJ_DemokratieLeben</p>",
      "language": 4,
      "currently_in_translation": false,
      "version": 1,
      "minor_edit": false,
      "last_updated": "2019-08-12T08:26:50.483Z",
      "creator": 1,
      "page": 12
    }
  },
  {
    "model": "cms.pagetranslation",
    "pk": 34,
    "fields": {
      "title": "Behörden und Beratung",
      "slug": "behörden-und-beratung",
      "status": "PUBLIC",
      "content": "",
      "language": 1,
      "currently_in_translation": false,
      "version": 1,
      "minor_edit": false,
      "last_updated": "2022-01-16T16:36:26.985Z",
      "creator": 1,
      "page": 14
    }
  },
  {
    "model": "cms.pagetranslation",
    "pk": 35,
    "fields": {
      "title": "Behörden",
      "slug": "behörden",
      "status": "PUBLIC",
      "content": "",
      "language": 1,
      "currently_in_translation": false,
      "version": 1,
      "minor_edit": false,
      "last_updated": "2022-01-16T16:36:57.038Z",
      "creator": 1,
      "page": 15
    }
  },
  {
    "model": "cms.pagetranslation",
    "pk": 36,
    "fields": {
      "title": "Ausländerbehörde",
      "slug": "ausländerbehörde",
      "status": "PUBLIC",
      "content": "<div><p>Die <strong>Ausländerbehörde</strong> ist für die meisten Angelegenheiten zuständig, die mit Ihrem Aufenthalt und Arbeitserlaubnis zusammenhängen.</p>\r\n<p>Was Sie bei der<strong> Ausländerbehörde </strong>machen können:</p>\r\n<ul>\r\n<li>Meldebescheinigung, An- und Abmelden des Wohnsitzes</li>\r\n<li>Aufenthaltstitel und Niederlassungserlaubnis</li>\r\n<li>\r\n<div>Verlängerung des Ankunftsnachweises</div>\r\n</li>\r\n<li>\r\n<div>Aufenthaltsgestattung ausstellen und verlängern (Asyl)</div>\r\n</li>\r\n<li>\r\n<div>Beantragung der Arbeitserlaubnis</div>\r\n</li>\r\n<li>\r\n<div>Aufenthaltserlaubnis und Ausnahmegenehmigungen für Reisen</div>\r\n</li>\r\n<li>Führungszeugnisse</li>\r\n<li>Einladung ausländischer Gäste (Verpflichtungserklärung)</li>\r\n<li>Einreiseangelegenheiten (z.B.: Familiennachzug)</li>\r\n<li>Hochschulbetreuungsstelle (Studierende, Studienbewerberinnen und Studienbewerber, Besucherinnen und Besucher von Deutsch-Intensivkursen)</li>\r\n<li>Aufenthaltsbeendigung</li>\r\n<li>Einbürgerung</li>\r\n</ul>\r\n<p>Bitte vereinbaren Sie vor Ihrem Besuch einen Termin. Das funktioniert am besten zwischen 7.30 und 8.00 Uhr am Morgen. Sie können auch per Telefon oder online einen Termin ausmachen. Wenn sie Student sind können Sie einfach eine Nachricht an die folgende E-Mail Adresse schicken: <span style=\"color: #99cc00;\">aufenthalt.uni@augsburg.de</span></p>\r\n<p><strong>Wichtig:</strong> Falls Sie noch Schwierigkeiten mit der Deutschen Sprache haben, bringen Sie bitte eine Person mit, die Ihr Anliegen (den Grund des Besuchs) übersetzen kann.</p>\r\n<p>Wenn Sie beim Bundesamt für Migration (BAMF) Ihren <strong>Asylantrag</strong> gestellt haben (1. Interview), bekommen Sie von der Ausländerbehörde einen Ausweis (Aufenthaltsgestattung). Bitte tragen Sie den Ausweis immer bei sich.</p>\r\n<p>Haben Sie <strong>Kinder</strong>, die in die Schule gehen müssen? Kinder sind schulpflichtig zwischen 6 und 15 Jahren. Melden Sie bei der Ausländerbehörde Ihren Wohnort, wenn möglich vor dem ersten Termin zur Beratung beim Schulamt. Ohne die Registrierung bei der Ausländerbehörde kann Ihr Kind nicht für die Schule angemeldet werden. Bitte bringen Sie alle Ihre Papiere und Dokumente und alle auf dem Ankunftsnachweis eingetragenen Personen zur Ausländerbehörde mit.</p>\r\n<p>Weitere Informationen finden Sie unter : <strong>Häufige Fragen (FAQ)</strong> auf der Webseite der <a href=\"https://www.augsburg.de/buergerservice-rathaus/buergerservice/aemter-behoerden/staedtische-dienststellen/b/buergeramt/auslaenderbehoerde\" rel=\"noopener\">Stadt Augsburg/ Ausländerbehörde</a></p>\r\n<div><strong>Die Kosten und die notwendigen Unterlagen erfahren Sie bei der zuständigen Sachstelle!!! Rufen Sie dort an oder schicken Sie eine E-Mail.</strong></div>\r\n<div> </div></div>",
      "language": 1,
      "currently_in_translation": false,
      "version": 1,
      "minor_edit": false,
      "last_updated": "2022-01-16T16:37:58.965Z",
      "creator": 1,
      "page": 16
    }
  },
  {
    "model": "cms.pagetranslation",
    "pk": 37,
    "fields": {
      "title": "Bureau for Foreigners (Ausländerbehörde)",
      "slug": "bureau-for-foreigners",
      "status": "PUBLIC",
      "content": "<div><p>The <strong>Bureau for Foreigners (Ausländerbehörde)</strong> is responsible for most matters related to your residence and work permit.</p>\r\n<p>What you can do at the<strong> Bureau for Foreigners (Ausländerbehörde)</strong>:</p>\r\n<ul>\r\n<li>Registration certificate, registering and de-registering from a place of residence</li>\r\n<li>Residence permit (Aufenthaltstitel) and settlement permit (Niederlassungserlaubnis)</li>\r\n<li>\r\n<div>Renew an arrival certificate</div>\r\n</li>\r\n<li>\r\n<div>Issue or renew (asylum) a temporary residence permit (Aufenthaltsgestattung)</div>\r\n</li>\r\n<li>\r\n<div>Apply for a work permit</div>\r\n</li>\r\n<li>\r\n<div>Residence permit (Aufenthaltserlaubnis) and special permits for travel</div>\r\n</li>\r\n<li>Criminal record certificate (Führungszeugnis)</li>\r\n<li>Invites for non-German national guests (affidavit of support)</li>\r\n<li>Issues regarding travelling to Germany (e.g. family reunification)</li>\r\n<li>Hochschule support office (students, applicants, attendees of German intensive courses)</li>\r\n<li>Leaving the country</li>\r\n<li>Naturalisation</li>\r\n</ul>\r\n<p>Please make an appointment before your visit. This works best between 7:30 and 8:00 in the morning. You can also make an appointment by phone or online.  If you are a student you can simply send a message to the following e-mail address: <span style=\"color: #008000;\">aufenthalt.uni@augsburg.de</span></p>\r\n<p><strong>Important:</strong> If you have trouble with the German language, please bring someone along who can translate your concerns (the reason for your visit).</p>\r\n<p>If you have filed your <strong>asylum application</strong> with the Federal Office for Migration (BAMF) (1st interview), you will receive an identity card (temporary residence permit (Aufenthaltsgestattung)) from the Bureau for Foreigners (Ausländerbehörde). Please always keep your identity card with you.</p>\r\n<p>Do you have <strong>children</strong> that have to go to school? Children aged between 6 and 15 are required to attend school. Go to the Bureau for Foreigners (Ausländerbehörde) to register your residential address. If possible, do this before your first advice appointment with the Education Authority (Schulamt). Your child can not be registered for school without registering with the Bureau for Foreigners (Ausländerbehörde). When you come to the Bureau for Foreigners (Ausländerbehörde), please bring all your papers and documents, and all the people who are registered on your proof of arrival.</p>\r\n<p>You can find further information under : <strong>Häufige Fragen (FAQ)</strong> on the website of the City Augsburg  <a href=\"https://www.augsburg.de/buergerservice-rathaus/buergerservice/aemter-behoerden/staedtische-dienststellen/b/buergeramt/auslaenderbehoerde\" rel=\"noopener\">Stadt Augsburg/ Ausländerbehörde</a></p>\r\n<div><strong>You can find out the costs and the necessary documents from the relevant office! Call them or send them an e-mail.</strong></div>\r\n</div>",
      "language": 2,
      "currently_in_translation": false,
      "machine_translated": true,
      "version": 1,
      "minor_edit": false,
      "last_updated": "2022-01-16T16:38:51.075Z",
      "creator": 1,
      "page": 16
    }
  },
  {
    "model": "cms.pagetranslation",
    "pk": 38,
    "fields": {
      "title": "دائرة شؤون الأجانب",
      "slug": "دائرة-شؤون-الأجانب",
      "status": "PUBLIC",
      "content": "<div><p>تعتبر <strong>Ausländerbehörde (مصلحة شؤون الأجانب)</strong> هي الجهة المختصة بمعظم الشؤون المتعلقة بإقامتك وتصريح عملك.</p>\r\n<p>ما الذي يمكنك فعله لدى<strong> Ausländerbehörde (مصلحة شؤون الأجانب)</strong>:</p>\r\n<ul>\r\n<li>بيان السكن، تسجيل وإلغاء تسجيل مقر السكن</li>\r\n<li>تصريح الإقامة وتصريح التوطين</li>\r\n<li>\r\n<div>تمديد إثبات الوصول</div>\r\n</li>\r\n<li>\r\n<div>استصدار تصريح إقامة مؤقت وتمديده (اللجوء)</div>\r\n</li>\r\n<li>\r\n<div>تقديم طلب للحصول على تصريح العمل</div>\r\n</li>\r\n<li>\r\n<div>تصريح الإقامة المؤقت والموافقات على الاستثناء للسفر</div>\r\n</li>\r\n<li>شهادات حسن السيرة والسلوك</li>\r\n<li>دعوة ضيوف أجانب (أي تقديم تعهد)</li>\r\n<li>مسائل دخول البلاد (مثل لم شمل العائلة)</li>\r\n<li>جهة الدعم الجامعي (الدارسين، المتقدمين والمتقدمات للدراسة بالجامعة، الملتحقين والملتحقات بالدورات المكثفة للغة الألمانية)</li>\r\n<li>إنهاء الإقامة</li>\r\n<li>التجنيس</li>\r\n</ul>\r\n<p>يُرجى تحديد موعد قبل زيارتك. وأفضل توقيت لذلك يكون بين الساعة 7.30 و 8.00 في الصباح. ويمكنك أيضًا تحديد موعد عبر الهاتف أو عبر الإنترنت.</p>\r\n<p><strong>هام:</strong> إذا كنت مازلت تواجه صعوبات في اللغة الألمانية، فيرجى أن تحضر معك شخص يستطيع أن يترجم مطلبك (سبب الزيارة).</p>\r\n<p>إذا كنت قد قدمت <strong>طلبك للجوء</strong> لدى Bundesamt für Migration ‏(BAMF) (المكتب الاتحادي للهجرة وشؤون اللاجئين) (المقابلة الشخصية الأولى)، فستحصل من Ausländerbehörde (مصلحة شؤون الأجانب) على بطاقة هوية (تصريح الإقامة المؤقت). يجب أن تكون بطاقة الهوية دائمًا بحوزتكم.</p>\r\n<p>هل لديكم <strong>أطفال</strong> يتعين عليهم الذهاب إلى المدرسة؟يتعين على الأطفال الذين تتراوح أعمارهم بين 6 و 15 عامًا الذهاب إلى المدرسة بشكل إلزامي. قوموا بتسجيل محل إقامتكم لدى Ausländerbehörde (مصلحة شؤون الأجانب)، إن أمكن قبل الموعد الأول للاستشارة لدى Schulamt (دائرة إدارة المدارس). دون التسجيل لدى Ausländerbehörde (مصلحة شؤون الأجانب) لن يستطيع طفلكم التسجيل في المدرسة. نرجو أن تحضروا معكم جميع الأوراق والمستندات الخاصة بكم وجميع الأفراد المسجلين على إثبات الوصول إلى Ausländerbehörde (مصلحة شؤون الأجانب).</p></div>",
      "language": 3,
      "currently_in_translation": false,
      "version": 1,
      "minor_edit": false,
      "last_updated": "2022-01-16T16:39:58.756Z",
      "creator": 1,
      "page": 16
    }
  },
  {
    "model": "cms.pagetranslation",
    "pk": 39,
    "fields": {
      "title": "Gesundheitsamt",
      "slug": "gesundheitsamt",
      "status": "PUBLIC",
      "content": "<div><p><strong>Leistungen des Gesundheitsamtes:</strong></p>\r\n<ul>\r\n<li>Beratung zur Gesundheitsfragen</li>\r\n<li>Beratung für Menschen, die an einer psychischen Krankheit leiden</li>\r\n<li>Kontaktstelle für Selbsthilfegruppen Infos auch unter:<br><a href=\"https://www.augsburg.de/umwelt-soziales/gesundheit/selbsthilfegruppen\">www.augsburg.de/selbsthilfe-schwaben</a></li>\r\n<li>Beratung für Schwangere</li>\r\n<li>Impfberatung</li>\r\n<li>Belehrung nach Infektionsschutzgesetz  § 43 (Lebensmittelbelehrung, Gesundheitszeugnis)</li>\r\n<li>Untersuchung für Kinder, bevor sie in die Schule gehen können (Schuleingangsuntersuchung)</li>\r\n<li>Erstuntersuchung von unbegleiteten minderjährigen Ausländerinnen und Ausländern auf Veranlassung des AKJF</li>\r\n<li>Erstuntersuchung nach amtlicher Vorladung im Bereich Migration und Asyl</li>\r\n<li>Meldepflichtige Krankheiten (Tuberkulose, Gelbsucht etc.)</li>\r\n<li>Tuberkulosefürsorge</li>\r\n<li>Gesundheitsberatung und Untersuchung für Prostituierte</li>\r\n<li>anonyme AIDS-Beratung / HIV-Test</li>\r\n</ul>\r\n</div>",
      "language": 1,
      "currently_in_translation": false,
      "version": 1,
      "minor_edit": false,
      "last_updated": "2022-01-16T16:41:33.158Z",
      "creator": 1,
      "page": 17
    }
  },
  {
    "model": "cms.pagetranslation",
    "pk": 40,
    "fields": {
      "title": "Health Department (Gesundheitsamt)",
      "slug": "health-department",
      "status": "PUBLIC",
      "content": "<div><p><strong>Services of the Health Department (Gesundheitsamt)</strong></p>\r\n<ul>\r\n<li>Advice for health questions</li>\r\n<li>Counselling for people suffering from a mental illness</li>\r\n<li>Contact point for support groups Information also at:<br><a href=\"https://www.augsburg.de/umwelt-soziales/gesundheit/selbsthilfegruppen\">www.augsburg.de/selbsthilfe-schwaben</a></li>\r\n<li>Advice for pregnant women</li>\r\n<li>Vaccination advice</li>\r\n<li>Instruction in accordance with Infektionsschutzgesetz (Protection Against Infection Act)  § 43 (food instruction, health certificate)</li>\r\n<li>Examinations for children before they can go to school (school entrance examination)</li>\r\n<li>Initial examination of unaccompanied foreign minors at the instigation of the AKJF</li>\r\n<li>Initial examination according to official summons in the field of migration and asylum</li>\r\n<li>Diseases subject to reporting requirements (tuberculosis, jaundice etc.)</li>\r\n<li>Tuberculosis treatment</li>\r\n<li>Health counselling and examination for prostitutes</li>\r\n<li>Anonymous AIDS counselling / HIV test</li>\r\n</ul>\r\n</div>",
      "language": 2,
      "currently_in_translation": false,
      "version": 1,
      "minor_edit": false,
      "last_updated": "2022-01-16T16:42:02.826Z",
      "creator": 1,
      "page": 17
    }
  },
  {
    "model": "cms.pagetranslation",
    "pk": 41,
    "fields": {
      "title": "مكتب الصحة",
      "slug": "مكتب-الصحة",
      "status": "PUBLIC",
      "content": "<p>مرحبًا بكم في نورنبيرغ السيدات والسادة، يسرني، كعمدة نورنبيرغ أن أتحديث إليكم اليوم بنفسي وأرحب بكم في مدينتنا. تتمتع مدينتنا، التي يعيش بها قرابة 500000 نسَمة، بتاريخ عريق. ففي كل زمان يأتي المهاجرون إلى هذه المدينة ويصبحون من أهلها.حيث يرون طابع التنوّع الذي يتسم به مجتمعنا:فأكثر من خُمسي سكان نورنبيرغ من المهاجرين أو من أصول مشابهة خارج ألمانيا. لقد وجدتم هنا البيت، والجيران، والأصدقاء، بصفة مؤقتة لبعضكم وبصفة دائمة للبعض الآخر. نتمنى لكم أن تتأقلموا مع وجودكم بيننا سريعًا. ومما سيساعدكم على ذلك، تعلم لغتنا وفهم قيمنا وثقافتنا. ومن ضمن ثقافتنا الترحيبية، نوفر لكم بيئة إيجابية ومفتوحة مليئة بالتنوع في مدينتنا. والتي تحث على التسامح ومراعاة الآخرين من الجذور القومية والثقافية الأخرى. وبوصفنا مدينة السلام وحقوق الإنسان، تلتزم مدينة نورنبيرغ بحقوق الإنسان على نحو خاص للغاية.فالاحترام والتقدير المتبادل تجاه من حولنا من البشر هو المقوّم الرئيسي لنتعايش معًا في سلام وتضامن. وتشمل قيمنا أيضًا الحماية الكاملة من التفرقة وكذلك حماية الأقليات والمجموعات الضعيفة في مجتمعنا مثل الأطفال وكبار السن، أو اللاجئين، أو الأشخاص ذوي الإعاقة. وعلى هذا الأساس، أتمنى أن نتمكن من التعايش في نورنبيرغ بنجاح وأن نتأقلم معًا بكل احترام. تحياتي، د. أولريش مالي عمدة مدينة نورنبيرغ اخر تحديث: ٣١ أغسطس ٢٠١٧</p><div><p><strong>خدمات Gesundheitsamt (مكتب الصحة):</strong></p>\r\n<ul>\r\n<li>تقديم الاستشارة حول المسائل الصحية</li>\r\n<li>تقديم الاستشارة للأشخاص الذين يعانون من مرض نفسي</li>\r\n<li>جهة الاتصال للحصول على معلومات مجموعات المساعدة الذاتية أيضا على موقع:<br><a href=\"https://www.augsburg.de/umwelt-soziales/gesundheit/selbsthilfegruppen\">www.augsburg.de/selbsthilfe-schwaben</a></li>\r\n<li>تقديم الاستشارة للسيدات الحوامل</li>\r\n<li>استشارات التطعيمات</li>\r\n<li>إعطاء التعليمات وفقا للمادة 43 من قانون الحماية من العدوى (تعليمات المواد الغذائية، الشهادة الصحية)</li>\r\n<li>إجراء الفحص للأطفال قبل الالتحاق بالمدرسة (فحص الالتحاق بالمدرسة)</li>\r\n<li>إجراء الفحص الأول للأجنبيات والأجانب القصر غير المصحوبين بمرافق بناء على طلب AKJF</li>\r\n<li>إجراء الفحص الأول بعد الاستدعاء الرسمي في قطاع الهجرة واللجوء</li>\r\n<li>الأمراض الواجب التبليغ عنها (السل، اليرقان، إلخ)</li>\r\n<li>توفير الرعاية لمرضى السل</li>\r\n<li>تقديم الاستشارة الصحية والفحص للبغايا</li>\r\n<li>تقديم استشارة مجهلة الهوية حول الإيدز / اختبار نقص المناعة المكتسبة HIV</li>\r\n</ul>\r\n</div>",
      "language": 3,
      "currently_in_translation": false,
      "version": 1,
      "minor_edit": false,
      "last_updated": "2022-01-16T16:42:36.208Z",
      "creator": 1,
      "page": 17
    }
  },
  {
    "model": "cms.pagetranslation",
    "pk": 42,
    "fields": {
      "title": "اداره بهداشت",
      "slug": "اداره-بهداشت",
      "status": "PUBLIC",
      "content": "<div><p><strong dir=\"rtl\">خدمات ارائه‌شده به وسیله اداره بهداشت:</strong></p>\r\n<ul dir=\"rtl\">\r\n<li dir=\"rtl\">مشاوره در مورد مسائل بهداشتی</li>\r\n<li dir=\"rtl\">مشاوره برای افرادی که از یک بیماری روانی رنج می‌برند</li>\r\n<li dir=\"rtl\">مرکز تماس با گروه‌های خودیاری، اطلاعات همچنین در وب‌سایت:<br><a dir=\"rtl\" href=\"https://www.augsburg.de/umwelt-soziales/gesundheit/selbsthilfegruppen\">www.augsburg.de/selbsthilfe-schwaben</a></li>\r\n<li dir=\"rtl\">مشاوره برای زنان باردار</li>\r\n<li dir=\"rtl\">مشاوره واکسیناسیون</li>\r\n<li dir=\"rtl\">دستورالعمل مطابق قانون محافظت در برابر عفونت بند 43 (دستورالعمل مربوط به مواد غذایی، گواهی بهداشت)</li>\r\n<li dir=\"rtl\">معاینه برای کودکان قبل از اینکه بتوانند به مدرسه بروند (معاینه ورودی مدرسه)</li>\r\n<li dir=\"rtl\">معاینه اولیه افراد صغیر خارجی بنا به درخواست AKJF</li>\r\n<li dir=\"rtl\">معاینه اولیه پس از احضار در زمینه مهاجرت و پناهندگی</li>\r\n<li dir=\"rtl\">بیماری‌های مشمول اعلام (سل، یرقان و غیره)</li>\r\n<li dir=\"rtl\">مراقبت از سل</li>\r\n<li dir=\"rtl\">مشاوره بهداشتی و معاینه برای روسپی‌ها</li>\r\n<li dir=\"rtl\">مشاوره ناشناس ایدز/آزمایش HIV</li>\r\n</ul>\r\n</div>",
      "language": 4,
      "currently_in_translation": false,
      "version": 1,
      "minor_edit": false,
      "last_updated": "2022-01-16T16:43:16.521Z",
      "creator": 1,
      "page": 17
    }
  },
  {
    "model": "cms.pagetranslation",
    "pk": 43,
    "fields": {
      "title": "المصالح الحكومية والاستشارة",
      "slug": "المصالح-الحكومية-والاستشارة",
      "status": "PUBLIC",
      "content": "",
      "language": 3,
      "currently_in_translation": false,
      "version": 1,
      "minor_edit": false,
      "last_updated": "2022-01-16T16:47:08.862Z",
      "creator": 1,
      "page": 14
    }
  },
  {
    "model": "cms.pagetranslation",
    "pk": 44,
    "fields": {
      "title": "Authorities and Counselling",
      "slug": "authorities-and-counselling",
      "status": "PUBLIC",
      "content": "",
      "language": 2,
      "currently_in_translation": false,
      "version": 1,
      "minor_edit": false,
      "last_updated": "2022-01-16T16:47:25.861Z",
      "creator": 1,
      "page": 14
    }
  },
  {
    "model": "cms.pagetranslation",
    "pk": 45,
    "fields": {
      "title": "ادارات و مشاوره",
      "slug": "ادارات-و-مشاوره",
      "status": "PUBLIC",
      "content": "",
      "language": 4,
      "currently_in_translation": false,
      "version": 1,
      "minor_edit": false,
      "last_updated": "2022-01-16T16:47:44.916Z",
      "creator": 1,
      "page": 14
    }
  },
  {
    "model": "cms.pagetranslation",
    "pk": 46,
    "fields": {
      "title": "المصالح الحكومية",
      "slug": "المصالح-الحكومية",
      "status": "PUBLIC",
      "content": "",
      "language": 3,
      "currently_in_translation": false,
      "version": 1,
      "minor_edit": false,
      "last_updated": "2022-01-16T16:48:14.301Z",
      "creator": 1,
      "page": 15
    }
  },
  {
    "model": "cms.pagetranslation",
    "pk": 47,
    "fields": {
      "title": "Public authorities",
      "slug": "public-authorities",
      "status": "PUBLIC",
      "content": "",
      "language": 2,
      "currently_in_translation": false,
      "version": 1,
      "minor_edit": false,
      "last_updated": "2022-01-16T16:48:31.790Z",
      "creator": 1,
      "page": 15
    }
  },
  {
    "model": "cms.pagetranslation",
    "pk": 48,
    "fields": {
      "title": "ادارات",
      "slug": "ادارات",
      "status": "PUBLIC",
      "content": "",
      "language": 4,
      "currently_in_translation": false,
      "version": 1,
      "minor_edit": false,
      "last_updated": "2022-01-16T16:48:48.038Z",
      "creator": 1,
      "page": 15
    }
  },
  {
    "model": "cms.pagetranslation",
    "pk": 49,
    "fields": {
      "title": "Deutsche Sprache",
      "slug": "deutsche-sprache",
      "status": "PUBLIC",
      "content": "",
      "language": 1,
      "currently_in_translation": false,
      "version": 1,
      "minor_edit": false,
      "last_updated": "2022-01-16T16:52:15.815Z",
      "creator": 1,
      "page": 18
    }
  },
  {
    "model": "cms.pagetranslation",
    "pk": 50,
    "fields": {
      "title": "اللغة الألمانية",
      "slug": "اللغة-الألمانية",
      "status": "PUBLIC",
      "content": "",
      "language": 3,
      "currently_in_translation": false,
      "version": 1,
      "minor_edit": false,
      "last_updated": "2022-01-16T16:52:28.981Z",
      "creator": 1,
      "page": 18
    }
  },
  {
    "model": "cms.pagetranslation",
    "pk": 51,
    "fields": {
      "title": "German language",
      "slug": "german-language",
      "status": "PUBLIC",
      "content": "",
      "language": 2,
      "currently_in_translation": false,
      "version": 1,
      "minor_edit": false,
      "last_updated": "2022-01-16T16:52:53.797Z",
      "creator": 1,
      "page": 18
    }
  },
  {
    "model": "cms.pagetranslation",
    "pk": 52,
    "fields": {
      "title": "زبان آلمانی",
      "slug": "زبان-آلمانی",
      "status": "PUBLIC",
      "content": "",
      "language": 4,
      "currently_in_translation": false,
      "version": 1,
      "minor_edit": false,
      "last_updated": "2022-01-16T16:53:14.305Z",
      "creator": 1,
      "page": 18
    }
  },
  {
    "model": "cms.pagetranslation",
    "pk": 53,
    "fields": {
      "title": "Deutsch selber lernen",
      "slug": "deutsch-selber-lernen",
      "status": "PUBLIC",
      "content": "<p>Natürlich gibt es immer die Möglichkeit, ohne einen Kurs Deutsch zu lernen. Wenn Ihr Asylantrag abgelehnt wurde und Sie eine Duldung haben, können Sie keinen kostenlosen Deutschkurs besuchen. Sie können eine Sprachschule besuchen, aber Sie müssen den Kurs selbst bezahlen. Oder Sie lernen selbstständig Deutsch. Ihr Helferkreis unterstützt Sie dabei. Wir haben auch noch mehr Tipps für Sie:</p>",
      "language": 1,
      "currently_in_translation": false,
      "version": 1,
      "minor_edit": false,
      "last_updated": "2022-01-16T16:53:57.625Z",
      "creator": 1,
      "page": 19
    }
  },
  {
    "model": "cms.pagetranslation",
    "pk": 54,
    "fields": {
      "title": "تعلم اللغة الألمانية بنفسك",
      "slug": "تعلم-اللغة-الألمانية-بنفسك",
      "status": "PUBLIC",
      "content": "<p>بالطبع تتوفر دائمًا إمكانية تعلّم اللغة الألمانية دون دورةٍ تعليمية. إذا رُفض طلب اللجوء وتملكون بطاقة تعليق الترحيل، لا يمكنكم ارتياد دورة مجانية لتعليم اللغة الألمانية. يمكنكم ارتياد مدرسة لغوية، لكن يتعين عليكم دفع تكاليف الدورة بأنفسكم. أو تتعلمون اللغة الألمانية بصورة مستقلة. تقدم لك مجموعة المساعدة الخاصة بك الدعم في هذا الشأن. نحن لدينا أيضًا المزيد من النصائح</p>",
      "language": 3,
      "currently_in_translation": false,
      "version": 1,
      "minor_edit": false,
      "last_updated": "2022-01-16T16:54:31.361Z",
      "creator": 1,
      "page": 19
    }
  },
  {
    "model": "cms.pagetranslation",
    "pk": 55,
    "fields": {
      "title": "Learn German on Your Own",
      "slug": "learn-german-on-your-own",
      "status": "PUBLIC",
      "content": "<div><p>Naturally, you always have the option of learning German without going to a course. If your application for asylum has been rejected and you have a certificate granting exceptional leave to remain (Duldung), you will not be allowed to attend a free German course. You can attend a language school, but you have to pay the course yourself. Or you can learn German by yourself. Your Support Network can support your learning. We have more tips for you:</p>\r\n<h3 style=\"text-align: justify;\"> </h3></div>",
      "language": 2,
      "currently_in_translation": false,
      "version": 1,
      "minor_edit": false,
      "last_updated": "2022-01-16T16:54:53.435Z",
      "creator": 1,
      "page": 19
    }
  },
  {
    "model": "cms.pagetranslation",
    "pk": 56,
    "fields": {
      "title": "خودتان زبان آلمانی یاد بگیرید",
      "slug": "خودتان-زبان-آلمانی-یاد-بگیرید",
      "status": "PUBLIC",
      "content": "<p>البته همیشه امکان یادگیری زبان آلمانی بدون شرکت در دوره‌های آموزشی وجود دارد. اگر درخواست پناهندگی شما رد شده باشد و شما دارای حکم تعلیق موقت اخراج (دولدونگ) باشید، نمی‌توانید در دوره‌های رایگان زبان المانی شرکت نمایید. طبعاً می‌توانید در کلاس‌های یک آموزشگاه زبان شکرت کنید، اما خودتان باید هزینه آن دوره را بپردازید. یا می‌توانید آلمانی را بطور مستقل یاد بگیرید. حلقه یاور شما در این راستا به شما کمک خواهد کرد. ما هنوز نکات بیشتری</p>",
      "language": 4,
      "currently_in_translation": false,
      "version": 1,
      "minor_edit": false,
      "last_updated": "2022-01-16T16:55:17.778Z",
      "creator": 1,
      "page": 19
    }
  },
  {
    "model": "cms.pagetranslation",
    "pk": 57,
    "fields": {
      "title": "Sprachkurse",
      "slug": "sprachkurse",
      "status": "PUBLIC",
      "content": "",
      "language": 1,
      "currently_in_translation": false,
      "version": 1,
      "minor_edit": false,
      "last_updated": "2022-01-16T16:55:55.501Z",
      "creator": 1,
      "page": 20
    }
  },
  {
    "model": "cms.pagetranslation",
    "pk": 58,
    "fields": {
      "title": "دورات تعليم اللغة",
      "slug": "دورات-تعليم-اللغة",
      "status": "PUBLIC",
      "content": "",
      "language": 3,
      "currently_in_translation": false,
      "version": 1,
      "minor_edit": false,
      "last_updated": "2022-01-16T16:56:13.634Z",
      "creator": 1,
      "page": 20
    }
  },
  {
    "model": "cms.pagetranslation",
    "pk": 59,
    "fields": {
      "title": "Language Courses",
      "slug": "language-courses",
      "status": "PUBLIC",
      "content": "",
      "language": 2,
      "currently_in_translation": false,
      "version": 1,
      "minor_edit": false,
      "last_updated": "2022-01-16T16:56:28.311Z",
      "creator": 1,
      "page": 20
    }
  },
  {
    "model": "cms.pagetranslation",
    "pk": 60,
    "fields": {
      "title": "دوره‌های زبان",
      "slug": "دورههای-زبان",
      "status": "PUBLIC",
      "content": "",
      "language": 4,
      "currently_in_translation": false,
      "version": 1,
      "minor_edit": false,
      "last_updated": "2022-01-16T16:56:40.280Z",
      "creator": 1,
      "page": 16
    }
  },
  {
    "model": "cms.pagetranslation",
    "pk": 61,
    "fields": {
      "title": "Alltag",
      "slug": "alltag",
      "status": "PUBLIC",
      "content": "<a href=\"https://integreat-app.de/\">Gültiger Link</a><br><a href=\"https://integreat.app\">Ungeprüfter Link</a><br><a href=\"https://invalid.integreat.app/\">Ungültiger Link</a><br><a href=\"https://invalid2.integreat.app/\">Ignorierter Link</a><br><a href=\"https://integreat.app/augsburg/de/willkommen/\">Interner Link</a><br><a href=\"https://integreat.app/augsburg/de/deutsche-sprache/sprachlernangebote/\">Fehlerhafter interner Link</a><br><a href=\"https://integreat-app.de/\">Ein langer Link zum Testen des Verhaltens von Links im PDF Export. Text mit Leerzeichen sollte gebrochen werden, Wörter mit mehr als 50 Zeichen sollten hingegen gekürzt werden. www.dashieristeinsehrlangerlinkalszusammenhängendezeichenkette.de</a>",
      "language": 1,
      "currently_in_translation": false,
      "version": 1,
      "minor_edit": false,
      "last_updated": "2022-01-16T16:57:29.304Z",
      "creator": 1,
      "page": 21
    }
  },
  {
    "model": "cms.pagetranslation",
    "pk": 62,
    "fields": {
      "title": "زندگی روزمره",
      "slug": "زندگی-روزمره",
      "status": "PUBLIC",
      "content": "",
      "language": 4,
      "currently_in_translation": false,
      "version": 1,
      "minor_edit": false,
      "last_updated": "2022-01-16T16:57:43.646Z",
      "creator": 1,
      "page": 21
    }
  },
  {
    "model": "cms.pagetranslation",
    "pk": 63,
    "fields": {
      "title": "Daily Life",
      "slug": "daily-life",
      "status": "PUBLIC",
      "content": "",
      "language": 2,
      "currently_in_translation": false,
      "version": 1,
      "minor_edit": false,
      "last_updated": "2022-01-16T16:57:56.107Z",
      "creator": 1,
      "page": 21
    }
  },
  {
    "model": "cms.pagetranslation",
    "pk": 64,
    "fields": {
      "title": "الحياة اليومية",
      "slug": "الحياة-اليومية",
      "status": "PUBLIC",
      "content": "",
      "language": 3,
      "currently_in_translation": false,
      "version": 1,
      "minor_edit": false,
      "last_updated": "2022-01-16T16:58:08.212Z",
      "creator": 1,
      "page": 21
    }
  },
  {
    "model": "cms.pagetranslation",
    "pk": 65,
    "fields": {
      "title": "Sonstige Sprachlernangebote",
      "slug": "sprachlernangebote",
      "status": "PUBLIC",
      "content": "",
      "language": 1,
      "currently_in_translation": false,
      "version": 1,
      "minor_edit": false,
      "last_updated": "2022-01-16T16:58:33.852Z",
      "creator": 1,
      "page": 22
    }
  },
  {
    "model": "cms.pagetranslation",
    "pk": 66,
    "fields": {
      "title": "Sonstige Sprachlernangebote",
      "slug": "sonstige-sprachlernangebote",
      "status": "PUBLIC",
      "content": "<p>Neben den Deutschkursen gibt es in Augsburg zahlreiche andere Angebote, die Sie oder Ihre Kinder beim Erlernen der Deutschen Sprache unterstützen.</p>",
      "language": 1,
      "currently_in_translation": false,
      "version": 2,
      "minor_edit": false,
      "last_updated": "2022-01-16T16:58:43.445Z",
      "creator": 1,
      "page": 22
    }
  },
  {
    "model": "cms.pagetranslation",
    "pk": 67,
    "fields": {
      "title": "Other Opportunities for Learning German",
      "slug": "other-opportunities-for-learning-german",
      "status": "PUBLIC",
      "content": "<p>Alongside the German courses, there are numerous other offers to support you and your children in learning German in Augsburg.</p>",
      "language": 2,
      "currently_in_translation": false,
      "version": 1,
      "minor_edit": false,
      "last_updated": "2022-01-16T16:59:01.772Z",
      "creator": 1,
      "page": 22
    }
  },
  {
    "model": "cms.pagetranslation",
    "pk": 68,
    "fields": {
      "title": "سایر پیشنهادات مربوط به یادگیری زبان",
      "slug": "سایر-پیشنهادات-مربوط-به-یادگیری-زبان",
      "status": "PUBLIC",
      "content": "<p>علاوه بر دوره‌های زبان آلمانی، تعداد زیادی پیشنهاد دیگر در آوگسبورگ وجود دارد که به شما یا فرزندانتان در یادگیری زبان آلمانی کمک می‌کند.</p>",
      "language": 4,
      "currently_in_translation": false,
      "version": 1,
      "minor_edit": false,
      "last_updated": "2022-01-16T16:59:18.554Z",
      "creator": 1,
      "page": 22
    }
  },
  {
    "model": "cms.pagetranslation",
    "pk": 69,
    "fields": {
      "title": "عروض تعلم أخرى للغة",
      "slug": "عروض-تعلم-أخرى-للغة",
      "status": "PUBLIC",
      "content": "<p>بالإضافة إلى دورات تعلم اللغة الألمانية يوجد في أوجسبورج العديد من العروض الأخرى، التي تقدم لك أو لأطفالك الدعم عند تعلم اللغة الألمانية.</p>",
      "language": 3,
      "currently_in_translation": false,
      "version": 1,
      "minor_edit": false,
      "last_updated": "2022-01-16T16:59:35.324Z",
      "creator": 1,
      "page": 22
    }
  },
  {
    "model": "cms.pagetranslation",
    "pk": 70,
    "fields": {
      "title": "Dolmetschen und Übersetzen",
      "slug": "dolmetschen-und-übersetzen",
      "status": "PUBLIC",
      "content": "",
      "language": 1,
      "currently_in_translation": false,
      "version": 1,
      "minor_edit": false,
      "last_updated": "2022-01-16T17:00:04.994Z",
      "creator": 1,
      "page": 23
    }
  },
  {
    "model": "cms.pagetranslation",
    "pk": 71,
    "fields": {
      "title": "الترجمة الشفهية والتحريرية",
      "slug": "الترجمة-الشفهية-والتحريرية",
      "status": "PUBLIC",
      "content": "",
      "language": 3,
      "currently_in_translation": false,
      "version": 1,
      "minor_edit": false,
      "last_updated": "2022-01-16T17:00:20.285Z",
      "creator": 1,
      "page": 23
    }
  },
  {
    "model": "cms.pagetranslation",
    "pk": 72,
    "fields": {
      "title": "Interpret and translate",
      "slug": "interpret-and-translate",
      "status": "PUBLIC",
      "content": "",
      "language": 2,
      "currently_in_translation": false,
      "version": 1,
      "minor_edit": false,
      "last_updated": "2022-01-16T17:00:33.314Z",
      "creator": 1,
      "page": 23
    }
  },
  {
    "model": "cms.pagetranslation",
    "pk": 73,
    "fields": {
      "title": "Archiviertes Amt",
      "slug": "archiviertes-amt",
      "status": "PUBLIC",
      "content": "<p>Nicht öffentlich</p>",
      "language": 1,
      "currently_in_translation": false,
      "version": 1,
      "minor_edit": false,
      "last_updated": "2022-02-22T16:56:26.693Z",
      "creator": 1,
      "page": 24
    }
  },
  {
    "model": "cms.pagetranslation",
    "pk": 74,
    "fields": {
      "title": "Nicht archivierte Details",
      "slug": "nicht-archivierte-details",
      "status": "PUBLIC",
      "content": "<p>Details</p>",
      "language": 1,
      "currently_in_translation": false,
      "version": 1,
      "minor_edit": false,
      "last_updated": "2022-02-22T16:57:08.689Z",
      "creator": 1,
      "page": 25
    }
  },
  {
    "model": "cms.pagetranslation",
    "pk": 75,
    "fields": {
      "title": "Willkommen",
      "slug": "willkommen",
      "status": "PUBLIC",
      "content": "<p>Willkommen in Augsburg</p>",
      "language": 1,
      "currently_in_translation": false,
      "version": 2,
      "minor_edit": false,
      "last_updated": "2019-08-12T07:57:42.456Z",
      "creator": 1,
      "page": 1
    }
  },
  {
    "model": "cms.pagetranslation",
    "pk": 76,
    "fields": {
      "title": "Über die App Integreat Augsburg",
      "slug": "uber-die-app-integreat-augsburg",
      "status": "DRAFT",
      "content": "<p>Unveröffentlicher Entwurf</p>",
      "language": 1,
      "currently_in_translation": false,
      "version": 2,
      "minor_edit": false,
      "last_updated": "2019-08-13T08:05:45.631Z",
      "creator": 1,
      "page": 3
    }
  },
  {
    "model": "cms.pagetranslation",
    "pk": 77,
    "fields": {
      "title": "About the Integreat App Augsburg",
      "slug": "about-the-integreat-app-augsburg",
      "status": "DRAFT",
      "content": "<p>Unpublished draft</p>",
      "language": 2,
      "currently_in_translation": false,
      "version": 2,
      "minor_edit": false,
      "last_updated": "2019-08-13T08:05:45.631Z",
      "creator": 1,
      "page": 3
    }
  },
  {
    "model": "cms.pagetranslation",
    "pk": 78,
    "fields": {
      "title": "Behörden und Beratung",
      "slug": "behörden-und-beratung",
      "status": "REVIEW",
      "content": "<p>Diese Änderungen wurden zum Review vorgelegt</p>",
      "language": 1,
      "currently_in_translation": false,
      "version": 2,
      "minor_edit": false,
      "last_updated": "2022-09-09T16:36:26.985Z",
      "creator": 9,
      "page": 14
    }
  },
  {
    "model": "cms.pagetranslation",
    "pk": 79,
    "fields": {
      "title": "Behörden",
      "slug": "behörden",
      "status": "AUTO_SAVE",
      "content": "<p>Diese Änderungen wurden automatisch gespeichert</p>",
      "language": 1,
      "currently_in_translation": false,
      "version": 2,
      "minor_edit": false,
      "last_updated": "2022-09-09T16:36:57.038Z",
      "creator": 3,
      "page": 15
    }
  },
  {
    "model": "cms.pagetranslation",
    "pk": 80,
    "fields": {
      "title": "Trivia about Augsburg",
      "slug": "trivia-about-augsburg",
      "status": "REVIEW",
      "content": "<p>These changes were submitted for review</p>",
      "language": 2,
      "currently_in_translation": false,
      "version": 2,
      "minor_edit": false,
      "last_updated": "2019-08-12T08:04:49.746Z",
      "creator": 9,
      "page": 4
    }
  },
  {
    "model": "cms.pagetranslation",
    "pk": 81,
    "fields": {
      "title": "City Map",
      "slug": "city-map",
      "status": "AUTO_SAVE",
      "content": "<p>These changes were saved automatically</p>",
      "language": 2,
      "currently_in_translation": false,
      "version": 2,
      "minor_edit": false,
      "last_updated": "2022-09-11T08:05:26.616Z",
      "creator": 1,
      "page": 5
    }
  },
  {
    "model": "cms.pagetranslation",
    "pk": 82,
    "fields": {
      "title": "Test Hidden Language",
      "slug": "test-hidden-language",
      "status": "PUBLIC",
      "content": "<p>Dies ist ein Inhalt in \"Hidden language\"</p>",
      "language": 7,
      "currently_in_translation": false,
      "version": 1,
      "minor_edit": false,
      "last_updated": "2022-09-11T08:05:26.616Z",
      "creator": 1,
      "page": 26
    }
  },
  {
    "model": "cms.pagetranslation",
    "pk": 83,
    "fields": {
      "title": "Test Hidden Language",
      "slug": "test-hidden-language",
      "status": "PUBLIC",
      "content": "",
      "language": 1,
      "currently_in_translation": false,
      "version": 1,
      "minor_edit": false,
      "last_updated": "2022-11-30T11:00:00.000Z",
      "creator": 1,
      "page": 26
    }
  },
  {
    "model": "cms.pagetranslation",
    "pk": 96,
    "fields": {
      "title": "Test Links",
      "slug": "test-links",
      "status": "PUBLIC",
      "content": "<div>\r\n<p><a href=\"https://integreat.app/augsburg/de/willkommen/\">Willkommen</a></p>\r\n<p><a href=\"https://integreat.app/augsburg/de/events/test-veranstaltung/\">Test-Veranstaltung</a></p>\r\n<p><a href=\"https://integreat.app/augsburg/de/locations/test-ort/\">Test-Ort</a></p>\r\n<p><a href=\"https://integreat.app/augsburg/de/disclaimer\">Impressum</a></p>\r\n<p><a href=\"https://integreat.app/augsburg/de/news/local\">Nachrichten</a></p>\r\n<p><a href=\"https://integreat.app/augsburg/de/offers\">Angebote</a></p>\r\n<p><a href=\"https://integreat.app/augsburg/de\">Startseite Augsburg</a></p>\r\n<p><a href=\"https://integreat.app/\">Index</a></p>\r\n<p><a href=\"https://integreat.app/foo/\">Kaputte URL</a></p>\r\n<p><a href=\"http://localhost:8000/s/p/96/\">Diese Seite</a></p>\r\n</div>",
      "language": 1,
      "currently_in_translation": false,
      "machine_translated": false,
      "version": 1,
      "minor_edit": false,
      "last_updated": "2023-08-18T10:34:05.316Z",
      "creator": 1,
      "automatic_translation": false,
      "page": 27,
      "hix_score": null
    }
  },
  {
    "model": "cms.pagetranslation",
    "pk": 97,
    "fields": {
      "title": "Test Links (English)",
      "slug": "test-links",
      "status": "PUBLIC",
      "content": "<div>\r\n<p><a href=\"https://integreat.app/augsburg/de/willkommen/\">Willkommen</a></p>\r\n<p><a href=\"https://integreat.app/augsburg/de/events/test-veranstaltung/\">Test-Veranstaltung</a></p>\r\n<p><a href=\"https://integreat.app/augsburg/de/locations/test-ort/\">Test-Ort</a></p>\r\n<p><a href=\"https://integreat.app/augsburg/de/disclaimer\">Impressum</a></p>\r\n<p><a href=\"https://integreat.app/augsburg/de/news/local\">Nachrichten</a></p>\r\n<p><a href=\"https://integreat.app/augsburg/de/offers\">Angebote</a></p>\r\n<p><a href=\"https://integreat.app/augsburg/de\">Startseite Augsburg</a></p>\r\n<p><a href=\"https://integreat.app/\">Index</a></p>\r\n<p><a href=\"https://integreat.app/foo/\">Kaputte URL</a></p>\r\n<p><a href=\"http://localhost:8000/s/p/96/\">Diese Seite</a></p>\r\n</div>",
      "language": 2,
      "currently_in_translation": false,
      "machine_translated": false,
      "version": 1,
      "minor_edit": false,
      "last_updated": "2023-08-18T10:34:05.316Z",
      "creator": 1,
      "automatic_translation": false,
      "page": 27,
      "hix_score": null
    }
  },
  {
    "model": "cms.pagetranslation",
    "pk": 84,
    "fields": {
      "title": "Ласкаво просимо в Аугсбург",
      "slug": "ласкаво-просимо-в-аугсбург",
      "status": "PUBLIC",
      "content": "<p>Ласкаво просимо в Аугсбург</p>",
      "language": 9,
      "currently_in_translation": false,
      "version": 1,
      "minor_edit": false,
      "last_updated": "2019-08-12T08:02:48.852Z",
      "creator": 1,
      "page": 1
    }
  },
  {
    "model": "cms.pagetranslation",
    "pk": 85,
    "fields": {
      "title": "Ласкаво просимо до міста Аугсбург",
      "slug": "ласкаво-просимо-до-міста-аугсбург",
      "status": "PUBLIC",
      "content": "<p>Шановні новоприбулі!Ласкаво просимо до міста Аугсбург!Ви потрапили в різноманітне та космополітичне місто. Понад 300 000 людей із приблизно 170 різних країн живуть тут разом. Ми будемо дуже раді, якщо ви знайдете для себе новий центр життя у нашому місті, місті миру та злагоди. Покинути рідну країну і почати десь з нуля – це дуже великі зміни. Після прибуття виникає багато повсякденних питань, щодо житла, школи та роботи, а також дозвілля та соціальних контактів. Додаток Integreat пропонує цифровий контакт для людей, які вимушені були втекти, або мігрувати в нову країну, яка має можливо, інші культурні, соціальні звичаї та правила. За допомогою додатку ми хотіли б допомогти вам краще зрозуміти та пізнати життя у нашому місті. Ціль додатку, допомогти вам почуватися затишними та бажаними в нашому міському суспільстві. Тут ви знайдете важливі місцеві адреси, мовні курси, загальні контакти та пропозиції допомоги в особливих ситуаціях - і все це на дванадцяти мовах! Додаток Integreat – це спільний проект міста Аугсбург у співпраці з Tür an Tür - Digital Fabrik gGmbH, який надає доступ до  технічного ноу-хау. Координація освіти для нових іммігрантів відповідає за цей проект, створює та оновлює зміст, а також постійно розширює список мов. Проект здійснюється за підтримки інтеграційної консультативної ради міста Аугсбург, комунальних підприємств нашого міста та федеральної програми «Живи демократія!». Ми сподіваємося, що зможемо підтримати вас з інтеграцією в нашому місті, за допомогою цього додатку. Сподіваємося, що вже незабаром ви встановите перші контакти, та будете сповнені впевненості у своєму особистому майбутньому.</p>",
      "language": 9,
      "currently_in_translation": false,
      "version": 1,
      "minor_edit": false,
      "last_updated": "2019-08-12T08:02:48.852Z",
      "creator": 1,
      "page": 2
    }
  },
  {
    "model": "cms.pagetranslation",
    "pk": 86,
    "fields": {
      "title": "Про додаток Integreat Augsburg",
      "slug": "про-додаток-integreat-augsburg",
      "status": "PUBLIC",
      "content": "<p>Цей путівник допоможе Вам у повсякденному житті в Аугсбурзі. Тут Ви знайдете важливі адреси, контактні особи, а також поради та рекомендації, які допоможуть Вам зорієнтуватися в в Аугсбурзі. Довідник на кожен день складається з кількох розділів. Кожен розділ присвячений окремій темі. Наприклад, ви можете знайти інформацію про лікарів, школи, курси німецької мови чи інші заклади. Існує також розділ щодо організації вашого дозвілля. Інформація та пропозиції щодо дозвілля змінюються, і ми регулярно їх оновлюємо. Тому дуже добре, якщо ви часто переглядаєте свій мобільний додаток і дізнаєтеся про поточні акції та події. Ви також можете використовувати цей додаток офлайн, якщо у вас немає доступу до Інтернету. За наявності підключення до Інтернету додаток буде оновлено автоматично. Ми дуже сподіваємося, що зможемо спростити Ваше перебування в Аугсбурзі за допомогою цього додатку. Будемо раді вітати Вас у місті миру Аугсбурзі.</p>",
      "language": 9,
      "currently_in_translation": false,
      "version": 1,
      "minor_edit": false,
      "last_updated": "2019-08-12T08:02:48.852Z",
      "creator": 1,
      "page": 3
    }
  },
  {
    "model": "cms.pagetranslation",
    "pk": 87,
    "fields": {
      "title": "Що потрібно знати про Аугсбург",
      "slug": "що-потрібно-знати-про-аугсбург",
      "status": "PUBLIC",
      "content": "<p>Аугсбург розташований на південному заході Баварії. До Мюнхена близько 60 км .</p>",
      "language": 9,
      "currently_in_translation": false,
      "version": 1,
      "minor_edit": false,
      "last_updated": "2019-08-12T08:02:48.852Z",
      "creator": 1,
      "page": 4
    }
  },
  {
    "model": "cms.pagetranslation",
    "pk": 88,
    "fields": {
      "title": "እንኳን ደህና መጡ",
      "slug": "እንኳን-ደህና-መጡ",
      "status": "PUBLIC",
      "content": "<p></p>",
      "language": 8,
      "currently_in_translation": false,
      "version": 1,
      "minor_edit": false,
      "last_updated": "2019-08-12T08:02:48.852Z",
      "creator": 1,
      "page": 1
    }
  },
  {
    "model": "cms.pagetranslation",
    "pk": 89,
    "fields": {
      "title": "ስለ Augsburg መታወቅ ያለበት",
      "slug": "ስለ-Augsburg-መታወቅ-ያለበት",
      "status": "PUBLIC",
      "content": "<p>Augsburg የሚገኘው በ Bayern ግዛት ውስጥ እና በመካከለኛው franken አውራጃ ውስጥ ነው፡፡ Augsburg 500,000 አካባቢ ነዋሪዎች ሲኖሩት Bayern ውስጥ ከሙኒክ ቀጥሎ ሁለተኛው ትልቅ ከተማ ነው፡፡ Pegnitz የሚባል ወንዝ ከተማ ውስጥ ይፈሳል፡፡</p>",
      "language": 8,
      "currently_in_translation": false,
      "version": 1,
      "minor_edit": false,
      "last_updated": "2019-08-12T08:02:48.852Z",
      "creator": 1,
      "page": 4
    }
  },
  {
    "model": "cms.pagetranslation",
    "pk": 90,
    "fields": {
      "title": "Καλώς ήλθατε στο Augsburg",
      "slug": "καλώς-ήλθατε-στο-augsburg-2",
      "status": "PUBLIC",
      "content": "",
      "language": 10,
      "currently_in_translation": false,
      "version": 1,
      "minor_edit": false,
      "last_updated": "2022-11-30T11:00:00.000Z",
      "creator": 1,
      "page": 1
    }
  },
  {
    "model": "cms.pagetranslation",
    "pk": 91,
    "fields": {
      "title": "Καλώς ήλθατε στο Augsburg",
      "slug": "καλώς-ήλθατε-στο-augsburg",
      "status": "PUBLIC",
      "content": "Αγαπητέ νέε πολίτη, αγαπητέ νέε πολίτη, Καλώς ήρθατε στο Augsburg! Έχετε φτάσει σε μια πολυσχιδή και κοσμοπολίτικη πόλη. Περισσότεροι από 300.000 άνθρωποι από περίπου 170 διαφορετικά έθνη ζουν καλά μαζί εδώ. Χαιρόμαστε που βρήκατε ένα νέο μέρος για να ζήσετε στην Πόλη της Ειρήνης Άουγκσμπουργκ.Το να εγκαταλείψετε τη χώρα σας και να ξεκινήσετε κάπου εντελώς καινούργια σημαίνει μεγάλη αλλαγή. Μετά την άφιξη, προκύπτουν πολλά καθημερινά ερωτήματα σχετικά με τη στέγαση ή τη διαμονή, το σχολείο και την εργασία, καθώς και τον ελεύθερο χρόνο και τις κοινωνικές επαφές.",
      "language": 10,
      "currently_in_translation": false,
      "version": 1,
      "minor_edit": false,
      "last_updated": "2022-11-30T11:00:00.000Z",
      "creator": 1,
      "page": 2
    }
  },
  {
    "model": "cms.pagetranslation",
    "pk": 92,
    "fields": {
      "title": "Σχετικά με την εφαρμογή Integreat Augsburg",
      "slug": "σχετικά-με-την-εφαρμογή-integreat-augsburg",
      "status": "PUBLIC",
      "content": "Αυτός ο οδηγός σας υποστηρίζει στην καθημερινή σας ζωή στο Άουγκσμπουργκ. Εδώ θα βρείτε σημαντικές διευθύνσεις, πρόσωπα επικοινωνίας και συμβουλές και κόλπα που μπορούν να σας βοηθήσουν να προσανατολιστείτε στο στο Άουγκσμπουργκ.",
      "language": 10,
      "currently_in_translation": false,
      "version": 1,
      "minor_edit": false,
      "last_updated": "2022-11-30T11:00:00.000Z",
      "creator": 1,
      "page": 3
    }
  },
  {
    "model": "cms.pagetranslation",
    "pk": 93,
    "fields": {
      "title": "Πράγματα που πρέπει να γνωρίζετε για το Augsburg",
      "slug": "πράγματα-που-πρέπει-να-γνωρίζετε-για-τ",
      "status": "PUBLIC",
      "content": "Το Άουγκσμπουργκ βρίσκεται στα νοτιοδυτικά της Βαυαρίας. Απέχει περίπου 60 χιλιόμετρα από το Μόναχο . Το Άουγκσμπουργκ έχει περίπου 300.000 κατοίκους και είναι η τρίτη μεγαλύτερη πόλη της Βαυαρίας. Η μεγαλύτερη πόλη στη Βαυαρία είναι το Μόναχο και η δεύτερη μεγαλύτερη πόλη είναι η Νυρεμβέργη. Ένας Ρωμαίος αυτοκράτορας με το όνομα Αύγουστος ίδρυσε το Άουγκσμπουργκ πριν από περισσότερα από 2000 χρόνια ανάμεσα στους ποταμούς Lech και Wertach. Το Άουγκσμπουργκ έχει ακόμη και τη δική του αργία - στις 8 Αυγούστου η πόλη γιορτάζει το Φεστιβάλ Υψηλής Ειρήνης του Άουγκσμπουργκ. Το φεστιβάλ αποτελεί ένδειξη για τη θρησκευτική ελευθερία και την ειρήνη μεταξύ των θρησκειών.",
      "language": 10,
      "currently_in_translation": false,
      "version": 1,
      "minor_edit": false,
      "last_updated": "2022-11-30T11:00:00.000Z",
      "creator": 1,
      "page": 4
    }
  },
  {
    "model": "cms.page",
    "pk": 1,
    "fields": {
      "created_date": "2019-08-12T07:57:42.432Z",
      "lft": 1,
      "rgt": 12,
      "tree_id": 2,
      "depth": 1,
      "parent": null,
      "region": 1,
      "explicitly_archived": false,
      "icon": null,
      "mirrored_page": null,
      "mirrored_page_first": true,
      "organization": null,
      "authors": [],
      "editors": []
    }
  },
  {
    "model": "cms.page",
    "pk": 2,
    "fields": {
      "created_date": "2019-08-12T07:58:36.298Z",
      "lft": 6,
      "rgt": 7,
      "tree_id": 2,
      "depth": 2,
      "parent": 1,
      "region": 1,
      "explicitly_archived": false,
      "icon": null,
      "mirrored_page": null,
      "mirrored_page_first": true,
      "organization": 1,
      "authors": [],
      "editors": []
    }
  },
  {
    "model": "cms.page",
    "pk": 3,
    "fields": {
      "created_date": "2019-08-12T07:59:21.571Z",
      "lft": 4,
      "rgt": 5,
      "tree_id": 2,
      "depth": 2,
      "parent": 1,
      "region": 1,
      "explicitly_archived": false,
      "icon": null,
      "mirrored_page": null,
      "mirrored_page_first": true,
      "organization": 1,
      "authors": [],
      "editors": []
    }
  },
  {
    "model": "cms.page",
    "pk": 4,
    "fields": {
      "created_date": "2019-08-12T07:59:50.923Z",
      "lft": 2,
      "rgt": 3,
      "tree_id": 2,
      "depth": 2,
      "parent": 1,
      "region": 1,
      "explicitly_archived": false,
      "icon": null,
      "mirrored_page": null,
      "mirrored_page_first": true,
      "organization": null,
      "authors": [],
      "editors": []
    }
  },
  {
    "model": "cms.page",
    "pk": 5,
    "fields": {
      "created_date": "2019-08-12T08:01:13.162Z",
      "lft": 8,
      "rgt": 9,
      "tree_id": 2,
      "depth": 2,
      "parent": 1,
      "region": 1,
      "explicitly_archived": false,
      "icon": null,
      "mirrored_page": null,
      "mirrored_page_first": true,
      "organization": null,
      "authors": [10],
      "editors": []
    }
  },
  {
    "model": "cms.page",
    "pk": 6,
    "fields": {
      "created_date": "2019-08-12T08:01:42.227Z",
      "lft": 10,
      "rgt": 11,
      "tree_id": 2,
      "depth": 2,
      "parent": 1,
      "region": 1,
      "explicitly_archived": false,
      "icon": null,
      "mirrored_page": null,
      "mirrored_page_first": true,
      "organization": null,
      "authors": [],
      "editors": [10]
    }
  },
  {
    "model": "cms.page",
    "pk": 7,
    "fields": {
      "created_date": "2019-08-12T08:17:48.337Z",
      "lft": 1,
      "rgt": 14,
      "tree_id": 1,
      "depth": 1,
      "parent": null,
      "region": 2,
      "explicitly_archived": false,
      "icon": null,
      "mirrored_page": null,
      "mirrored_page_first": true,
      "organization": null,
      "authors": [],
      "editors": []
    }
  },
  {
    "model": "cms.page",
    "pk": 8,
    "fields": {
      "created_date": "2019-08-12T08:18:09.754Z",
      "lft": 2,
      "rgt": 3,
      "tree_id": 1,
      "depth": 2,
      "parent": 7,
      "region": 2,
      "explicitly_archived": false,
      "icon": null,
      "mirrored_page": null,
      "mirrored_page_first": true,
      "organization": null,
      "authors": [],
      "editors": []
    }
  },
  {
    "model": "cms.page",
    "pk": 9,
    "fields": {
      "created_date": "2019-08-12T08:18:36.107Z",
      "lft": 4,
      "rgt": 5,
      "tree_id": 1,
      "depth": 2,
      "parent": 7,
      "region": 2,
      "explicitly_archived": false,
      "icon": null,
      "mirrored_page": null,
      "mirrored_page_first": true,
      "organization": null,
      "authors": [],
      "editors": []
    }
  },
  {
    "model": "cms.page",
    "pk": 10,
    "fields": {
      "created_date": "2019-08-12T08:19:10.505Z",
      "lft": 6,
      "rgt": 7,
      "tree_id": 1,
      "depth": 2,
      "parent": 7,
      "region": 2,
      "explicitly_archived": false,
      "icon": null,
      "mirrored_page": null,
      "mirrored_page_first": true,
      "organization": null,
      "authors": [],
      "editors": []
    }
  },
  {
    "model": "cms.page",
    "pk": 11,
    "fields": {
      "created_date": "2019-08-12T08:19:48.948Z",
      "lft": 8,
      "rgt": 9,
      "tree_id": 1,
      "depth": 2,
      "parent": 7,
      "region": 2,
      "explicitly_archived": false,
      "icon": null,
      "mirrored_page": null,
      "mirrored_page_first": true,
      "organization": null,
      "authors": [],
      "editors": []
    }
  },
  {
    "model": "cms.page",
    "pk": 12,
    "fields": {
      "created_date": "2019-08-12T08:20:16.690Z",
      "lft": 10,
      "rgt": 11,
      "tree_id": 1,
      "depth": 2,
      "parent": 7,
      "region": 2,
      "explicitly_archived": false,
      "icon": null,
      "mirrored_page": null,
      "mirrored_page_first": true,
      "organization": null,
      "authors": [],
      "editors": []
    }
  },
  {
    "model": "cms.page",
    "pk": 13,
    "fields": {
      "created_date": "2019-08-12T08:20:43.643Z",
      "lft": 12,
      "rgt": 13,
      "tree_id": 1,
      "depth": 2,
      "parent": 7,
      "region": 2,
      "explicitly_archived": false,
      "icon": null,
      "mirrored_page": null,
      "mirrored_page_first": true,
      "organization": null,
      "authors": [],
      "editors": []
    }
  },
  {
    "model": "cms.page",
    "pk": 14,
    "fields": {
      "created_date": "2022-01-16T16:36:26.895Z",
      "lft": 1,
      "rgt": 12,
      "tree_id": 3,
      "depth": 1,
      "parent": null,
      "region": 1,
      "explicitly_archived": false,
      "icon": null,
      "mirrored_page": null,
      "mirrored_page_first": true,
      "organization": null,
      "authors": [],
      "editors": []
    }
  },
  {
    "model": "cms.page",
    "pk": 15,
    "fields": {
      "created_date": "2022-01-16T16:36:56.962Z",
      "lft": 2,
      "rgt": 11,
      "tree_id": 3,
      "depth": 2,
      "parent": 14,
      "region": 1,
      "explicitly_archived": false,
      "icon": null,
      "mirrored_page": null,
      "mirrored_page_first": true,
      "organization": null,
      "authors": [],
      "editors": []
    }
  },
  {
    "model": "cms.page",
    "pk": 16,
    "fields": {
      "created_date": "2022-01-16T16:37:58.887Z",
      "lft": 3,
      "rgt": 4,
      "tree_id": 3,
      "depth": 3,
      "parent": 15,
      "region": 1,
      "explicitly_archived": false,
      "icon": null,
      "mirrored_page": null,
      "mirrored_page_first": true,
      "organization": null,
      "authors": [],
      "editors": [],
      "embedded_offers": [5]
    }
  },
  {
    "model": "cms.page",
    "pk": 17,
    "fields": {
      "created_date": "2022-01-16T16:41:33.064Z",
      "lft": 5,
      "rgt": 6,
      "tree_id": 3,
      "depth": 3,
      "parent": 15,
      "region": 1,
      "explicitly_archived": false,
      "icon": null,
      "mirrored_page": null,
      "mirrored_page_first": true,
      "organization": null,
      "authors": [],
      "editors": []
    }
  },
  {
    "model": "cms.page",
    "pk": 18,
    "fields": {
      "created_date": "2022-01-16T16:52:15.730Z",
      "lft": 1,
      "rgt": 10,
      "tree_id": 4,
      "depth": 1,
      "parent": null,
      "region": 1,
      "explicitly_archived": false,
      "icon": null,
      "mirrored_page": null,
      "mirrored_page_first": true,
      "organization": null,
      "authors": [],
      "editors": []
    }
  },
  {
    "model": "cms.page",
    "pk": 19,
    "fields": {
      "created_date": "2022-01-16T16:53:57.541Z",
      "lft": 2,
      "rgt": 3,
      "tree_id": 4,
      "depth": 2,
      "parent": 18,
      "region": 1,
      "explicitly_archived": false,
      "icon": null,
      "mirrored_page": null,
      "mirrored_page_first": true,
      "organization": null,
      "authors": [],
      "editors": []
    }
  },
  {
    "model": "cms.page",
    "pk": 20,
    "fields": {
      "created_date": "2022-01-16T16:55:55.400Z",
      "lft": 4,
      "rgt": 5,
      "tree_id": 4,
      "depth": 2,
      "parent": 18,
      "region": 1,
      "explicitly_archived": false,
      "icon": null,
      "mirrored_page": null,
      "mirrored_page_first": true,
      "organization": null,
      "authors": [],
      "editors": []
    }
  },
  {
    "model": "cms.page",
    "pk": 21,
    "fields": {
      "created_date": "2022-01-16T16:57:29.205Z",
      "lft": 1,
      "rgt": 2,
      "tree_id": 5,
      "depth": 1,
      "parent": null,
      "region": 1,
      "explicitly_archived": false,
      "icon": null,
      "mirrored_page": null,
      "mirrored_page_first": true,
      "organization": null,
      "authors": [],
      "editors": [],
      "api_token": "valid-token",
      "embedded_offers": [3]
    }
  },
  {
    "model": "cms.page",
    "pk": 22,
    "fields": {
      "created_date": "2022-01-16T16:58:33.725Z",
      "lft": 6,
      "rgt": 7,
      "tree_id": 4,
      "depth": 2,
      "parent": 18,
      "region": 1,
      "explicitly_archived": false,
      "icon": null,
      "mirrored_page": null,
      "mirrored_page_first": true,
      "organization": null,
      "authors": [],
      "editors": []
    }
  },
  {
    "model": "cms.page",
    "pk": 23,
    "fields": {
      "created_date": "2022-01-16T17:00:04.890Z",
      "lft": 8,
      "rgt": 9,
      "tree_id": 4,
      "depth": 2,
      "parent": 18,
      "region": 1,
      "explicitly_archived": false,
      "icon": null,
      "mirrored_page": null,
      "mirrored_page_first": true,
      "organization": null,
      "authors": [],
      "editors": []
    }
  },
  {
    "model": "cms.page",
    "pk": 24,
    "fields": {
      "created_date": "2022-02-22T16:56:26.607Z",
      "lft": 7,
      "rgt": 10,
      "tree_id": 3,
      "depth": 3,
      "parent": 15,
      "region": 1,
      "explicitly_archived": true,
      "icon": null,
      "mirrored_page": null,
      "mirrored_page_first": true,
      "organization": null,
      "authors": [],
      "editors": []
    }
  },
  {
    "model": "cms.page",
    "pk": 25,
    "fields": {
      "created_date": "2022-02-22T16:57:08.587Z",
      "lft": 8,
      "rgt": 9,
      "tree_id": 3,
      "depth": 4,
      "parent": 24,
      "region": 1,
      "explicitly_archived": false,
      "icon": null,
      "mirrored_page": null,
      "mirrored_page_first": true,
      "organization": null,
      "authors": [],
      "editors": []
    }
  },
  {
    "model": "cms.page",
    "pk": 26,
    "fields": {
      "created_date": "2022-02-22T16:57:08.587Z",
      "lft": 1,
      "rgt": 2,
      "tree_id": 7,
      "depth": 1,
      "parent": null,
      "region": 1,
      "explicitly_archived": false,
      "icon": null,
      "mirrored_page": null,
      "mirrored_page_first": true,
      "organization": null,
      "authors": [],
      "editors": []
    }
  },
  {
    "model": "cms.page",
    "pk": 27,
    "fields": {
      "created_date": "2023-08-18T10:31:48.247Z",
      "lft": 1,
      "rgt": 2,
      "tree_id": 8,
      "depth": 1,
      "parent": null,
      "region": 1,
      "explicitly_archived": false,
      "icon": null,
      "mirrored_page": null,
      "mirrored_page_first": true,
      "organization": null,
      "api_token": "",
      "hix_ignore": false,
      "authors": [],
      "editors": []
    }
  },
  {
    "model": "cms.imprintpage",
    "pk": 1,
    "fields": {
      "created_date": "2022-02-22T16:57:08.587Z",
      "region": 1
    }
  },
  {
    "model": "cms.imprintpagetranslation",
    "pk": 1,
    "fields": {
      "page": 1,
      "title": "Rechtliches",
      "status": "PUBLIC",
      "content": "<p>Leeres Impressum</p>",
      "last_updated": "2022-02-22T16:57:08.587Z",
      "language": 1,
      "version": 1,
      "creator": 1
    }
  },
  {
    "model": "cms.imprintpagetranslation",
    "pk": 2,
    "fields": {
      "page": 1,
      "title": "Disclaimer",
      "status": "DRAFT",
      "content": "<p>Imprint draft</p>",
      "last_updated": "2022-02-22T16:57:08.587Z",
      "language": 2,
      "version": 1,
      "creator": 1
    }
  },
  {
    "model": "cms.imprintpagetranslation",
    "pk": 3,
    "fields": {
      "page": 1,
      "title": "Rechtliches",
      "status": "DRAFT",
      "content": "<p>Zweite Version</p>",
      "last_updated": "2022-02-22T16:57:08.587Z",
      "language": 1,
      "version": 2,
      "creator": 1
    }
  },
  {
    "model": "cms.imprintpagetranslation",
    "pk": 4,
    "fields": {
      "page": 1,
      "title": "Rechtliches",
      "status": "PUBLIC",
      "content": "<p>Die Inhalte werden herausgegeben durch:</p><h4><strong>Herausgeber:</strong></h4><h4>Stadt Augsburg<br>(Gebietskörperschaft des öffentlichen Rechts)<br>Rathausplatz 1<br>86150 Augsburg</h4><h4><strong>Postanschrift:</strong></h4><p>Stadt Augsburg<br>86143 Augsburg</p><h4><strong>Vertretungsberechtigt:</strong></h4><p>Oberbürgermeisterin Eva Weber</p><p>Umsatzsteueridentifikationsnummer gemäß § 27a des Umsatzsteuergesetzes: DE 127508091</p><h4><strong>Verantwortlichkeit für den Inhalt:</strong></h4><p>Dr. Margret Spohn<br>Leiterin des Büros für gesellschaftliche Integration</p><p>Maximilianstrasse 3<br>86150 Augsburg</p><p><strong>Weitere Ansprechpartnerin:</strong></p><p>Alina Dajnowicz<br>Bildungskoordinatorin für Zugewanderte</p><p><a rel='noopener' href='mailto:integreat@augsburg.de'>integreat@augsburg.de</a><br><a href='tel:tel:+4982132434494'>0821-32434494</a></p><h4><strong>Urheberrecht</strong></h4><p>Texte, Bilder, Grafiken sowie die Gestaltung dieser Internetseiten unterliegen dem deutschen Urheberrecht. Sie dürfen von Ihnen nur zum privaten und sonstigen eigenen Gebrauch im Rahmen des § 53 Urheberrechtsgesetz (UrhG) verwendet werden. Eine Vervielfältigung oder Verwendung dieser Seiten oder Teilen davon in anderen elektronischen oder gedruckten Publikationen und deren Veröffentlichung ist nur mit unserer Einwilligung gestattet. Diese erteilt auf Anfrage die Onlineredaktion der Stadt Augsburg unter onlineredaktion(at)augsburg.de. Weiterhin können Texte, Bilder, Grafiken und sonstige Dateien ganz oder teilweise dem Urheberrecht Dritter unterliegen. Über das Bestehen möglicher Rechte Dritter erhalten Sie nähere Auskünfte unter onlineredaktion(at)augsburg.de.</p><p>Der Nachdruck und die Auswertung von Pressemitteilungen und Reden sind mit Quellenangabe allgemein gestattet.</p><p><strong>Inhalte des Website-Angebots</strong></p><p>Alle auf dieser Internetseite bereitgestellten Informationen haben wir nach bestem Wissen und Gewissen erarbeitet und geprüft. Eine Gewähr für die jederzeitige Aktualität, Richtigkeit, Vollständigkeit und Verfügbarkeit der bereit gestellten Informationen können wir allerdings nicht übernehmen. Dies gilt nicht für Informationen, die den Anwendungsbereich der Europäischen Dienstleistungsrichtlinie (Richtlinie 2006/123/EG - DLRL) fallen. Für diese Informationen wird die Richtigkeit und Aktualität gewährleistet.</p><p>Die Stadt Augsburg ist als Dienstanbieter für eigene Informationen auf diesen Seiten nach den allgemeinen Gesetzen verantwortlich (§ 7 I TMG). Ein Vertragsverhältnis mit den Nutzern dieses Informationsangebotes kommt nicht zustande.</p><p>Die Stadt Augsburg behält es sich ausdrücklich vor, einzelne Webseiten oder das gesamte Angebot ohne gesonderte Ankündigung zu verändern, zu ergänzen, zu löschen oder die Veröffentlichung zeitweise oder endgültig einzustellen.</p><p><strong>Links auf fremde Inhalte/Fremdeinträge</strong></p><p>Von unseren eigenen Inhalten sind die Querverweise („Links“) auf die Webseiten anderer Anbieter zu unterscheiden. Durch die Links ermöglichen wir lediglich den Zugang zur Nutzung „fremder Inhalte“. Wir haben jedoch keinen Einfluss auf den Inhalt und die Gestaltung dieser externen Websites und machen uns die Inhalte dieser verlinkten Seiten nicht zu eigen. Für deren Inhalte und Richtigkeit ist allein der jeweilige Anbieter verantwortlich.</p><p>Bei der erstmaligen Verknüpfung mit diesen Internetangeboten haben wir diese fremden Inhalte auf Rechtsverletzungen überprüft. Zum Zeitpunkt der Verknüpfung waren keine Rechtsverstöße erkennbar. Sobald die Stadt Augsburg eine Rechtsverletzung feststellt oder von anderen darauf hingewiesen wird, wird sie die Verknüpfung zu den jeweiligen Websites unverzüglich entfernen.</p><p>Ferner distanzieren wir uns von Fremdeinträgen in Social-Media-Angeboten unserer städtischen Ämter und Einrichtungen, die unter der Social Media verzeichnet sind. Diese geben nicht unsere eigene Meinung wieder, sondern die persönliche Auffassung Dritter. Soweit wir Kenntnis von strafbaren oder rechtswidrigen Inhalten erlangen, werden diese Fremdeinträge umgehend von uns gelöscht.</p><p>Für die Inhalte der werblichen Einträge auf dem Portal www.augsburg-city.de sind die jeweils eintragenden Unternehmen selbst verantwortlich.</p><p class='sc-dVNjXY erBAaw'>Last update: March 30, 2022</p>",
      "last_updated": "2022-02-22T16:57:08.587Z",
      "language": 1,
      "version": 3,
      "creator": 1
    }
  },
  {
    "model": "cms.imprintpagetranslation",
    "pk": 5,
    "fields": {
      "page": 1,
      "title": "Rechtliches",
      "status": "AUTO_SAVE",
      "content": "<p>Autosave</p>",
      "last_updated": "2023-10-11T16:57:08.587Z",
      "language": 1,
      "version": 4,
      "creator": 1
    }
  },
  {
    "model": "cms.offertemplate",
    "pk": 1,
    "fields": {
      "name": "Sprungbrett",
      "slug": "sprungbrett",
      "thumbnail": "https://cms.integreat-app.de/wp-content/uploads/extra-thumbnails/sprungbrett.jpg",
      "url": "https://web.integreat-app.de/proxy/sprungbrett/app-search-internships?location=",
      "post_data": {},
      "use_postal_code": "GET",
      "created_date": "2019-10-09T16:42:45.256Z",
      "last_updated": "2019-10-09T16:44:36.254Z"
    }
  },
  {
    "model": "cms.offertemplate",
    "pk": 2,
    "fields": {
      "name": "Lehrstellenradar",
      "slug": "lehrstellen-radar",
      "thumbnail": "https://cms.integreat-app.de/wp-content/uploads/extra-thumbnails/lehrstellen-radar.jpg",
      "url": "https://www.lehrstellen-radar.de/5100,0,lsrlist.html",
      "post_data": {
        "search-ls": "1",
        "search-pr": "1",
        "search-radius": "50"
      },
      "use_postal_code": "POST",
      "created_date": "2019-10-09T16:44:06.983Z",
      "last_updated": "2019-10-09T16:44:06.992Z"
    }
  },
  {
    "model": "cms.offertemplate",
    "pk": 3,
    "fields": {
      "name": "IHK Lehrstellenb\u00f6rse",
      "slug": "ihk-lehrstellenboerse",
      "thumbnail": "https://cms.integreat-app.de/wp-content/uploads/extra-thumbnails/ihk-lehrstellenboerse.png",
      "url": "https://www.ihk-lehrstellenboerse.de/joboffers/search.html?distance=1&location=",
      "post_data": {},
      "use_postal_code": "GET",
      "supported_by_app_in_content": true,
      "created_date": "2019-10-09T16:45:39.575Z",
      "last_updated": "2019-10-09T16:45:39.582Z"
    }
  },
  {
    "model": "cms.offertemplate",
    "pk": 4,
    "fields": {
      "name": "IHK Praktikumsb\u00f6rse",
      "slug": "ihk-praktikumsboerse",
      "thumbnail": "https://cms.integreat-app.de/wp-content/uploads/extra-thumbnails/ihk-praktikumsboerse.png",
      "url": "https://www.ihk-lehrstellenboerse.de/praktikum/suche?distance=1&location=",
      "post_data": {},
      "use_postal_code": "GET",
      "created_date": "2019-10-09T16:46:26.624Z",
      "last_updated": "2019-10-09T16:46:26.632Z"
    }
  },
  {
    "model": "cms.offertemplate",
    "pk": 5,
    "fields": {
      "name": "Zammad Formular",
      "slug": "zammad-formular",
      "post_data": { "form-id": "example" },
      "supported_by_app_in_content": true,
      "is_zammad_form": true,
      "created_date": "2023-10-09T16:46:26.624Z",
      "last_updated": "2023-10-09T16:46:26.632Z"
    }
  },
  {
    "model": "cms.event",
    "pk": 1,
    "fields": {
      "region": 1,
      "location": null,
      "start": "2030-01-01T13:00:00+01:00",
      "end": "2030-01-01T15:00:00+01:00",
      "recurrence_rule": 1,
      "icon": null,
      "archived": false
    }
  },
  {
    "model": "cms.event",
    "pk": 2,
    "fields": {
      "region": 2,
      "location": 5,
      "start": "2031-01-01T15:00:00+01:00",
      "end": "2031-01-01T17:00:00+01:00",
      "recurrence_rule": 2,
      "icon": null,
      "archived": false
    }
  },
  {
    "model": "cms.recurrencerule",
    "pk": 1,
    "fields": {
      "frequency": "WEEKLY",
      "interval": 2,
      "weekdays_for_weekly": "[\"1\", \"3\"]",
      "weekday_for_monthly": null,
      "week_for_monthly": null,
      "recurrence_end_date": "2031-01-01"
    }
  },
  {
    "model": "cms.recurrencerule",
    "pk": 2,
    "fields": {
      "frequency": "WEEKLY",
      "interval": 2,
      "weekdays_for_weekly": "[\"2\", \"4\"]",
      "weekday_for_monthly": null,
      "week_for_monthly": null,
      "recurrence_end_date": "2032-01-01"
    }
  },
  {
    "model": "cms.eventtranslation",
    "pk": 1,
    "fields": {
      "event": 1,
      "slug": "test-veranstaltung",
      "status": "PUBLIC",
      "title": "Test-Veranstaltung",
      "content": "<p>Erste Version</p>",
      "language": 1,
      "currently_in_translation": false,
      "version": 1,
      "minor_edit": false,
      "creator": 1,
      "last_updated": "2020-01-21T12:46:33.967Z"
    }
  },
  {
    "model": "cms.eventtranslation",
    "pk": 2,
    "fields": {
      "event": 1,
      "slug": "test-veranstaltung",
      "status": "PUBLIC",
      "title": "Test-Veranstaltung",
      "content": "<p>Dies ist die Beschreibung einer Test-Veranstaltung.</p>",
      "language": 1,
      "currently_in_translation": false,
      "version": 2,
      "minor_edit": false,
      "creator": 1,
      "last_updated": "2020-01-22T12:46:33.967Z"
    }
  },
  {
    "model": "cms.eventtranslation",
    "pk": 3,
    "fields": {
      "event": 1,
      "slug": "test-event",
      "status": "PUBLIC",
      "title": "Test-Event",
      "content": "<p>This is the content of a test-event.</p>",
      "language": 2,
      "currently_in_translation": false,
      "version": 1,
      "minor_edit": false,
      "creator": 1,
      "last_updated": "2020-01-22T12:46:16.746Z"
    }
  },
  {
    "model": "cms.eventtranslation",
    "pk": 4,
    "fields": {
      "event": 2,
      "slug": "test-veranstaltung",
      "status": "PUBLIC",
      "title": "Test-Veranstaltung",
      "content": "<p>Erste Version</p>",
      "language": 1,
      "currently_in_translation": false,
      "version": 1,
      "minor_edit": false,
      "creator": 1,
      "last_updated": "2020-01-21T12:46:33.967Z"
    }
  },
  {
    "model": "cms.eventtranslation",
    "pk": 5,
    "fields": {
      "event": 2,
      "slug": "test-veranstaltung",
      "status": "PUBLIC",
      "title": "Test-Veranstaltung",
      "content": "<p>Dies ist die Beschreibung einer Test-Veranstaltung.</p>",
      "language": 1,
      "currently_in_translation": false,
      "version": 2,
      "minor_edit": false,
      "creator": 1,
      "last_updated": "2020-01-22T12:46:33.967Z"
    }
  },
  {
    "model": "cms.eventtranslation",
    "pk": 6,
    "fields": {
      "event": 2,
      "slug": "test-event",
      "status": "PUBLIC",
      "title": "Test-Event",
      "content": "<p>This is the content of a test-event.</p>",
      "language": 2,
      "currently_in_translation": false,
      "version": 1,
      "minor_edit": false,
      "creator": 1,
      "last_updated": "2020-01-22T12:46:16.746Z"
    }
  },
  {
    "model": "cms.eventtranslation",
    "pk": 7,
    "fields": {
      "event": 2,
      "slug": "test-event",
      "status": "DRAFT",
      "title": "Test-Event",
      "content": "<p>This is the arabic content of a test-event.</p>",
      "language": 3,
      "currently_in_translation": false,
      "version": 1,
      "minor_edit": false,
      "creator": 1,
      "last_updated": "2020-01-22T12:46:16.746Z"
    }
  },
  {
    "model": "cms.poi",
    "pk": 4,
    "fields": {
      "region": 1,
      "address": "Wolfgangstraße 2",
      "postcode": "86153",
      "city": "Augsburg",
      "country": "Deutschland",
      "latitude": 48.3781092,
      "longitude": 10.887578,
      "archived": false,
      "category": 2,
      "opening_hours": [
        {
          "allDay": false,
          "closed": false,
          "appointmentOnly": false,
          "timeSlots": [
            { "end": "13:00", "start": "10:00" },
            { "end": "18:00", "start": "15:00" }
          ]
        },
        {
          "allDay": false,
          "closed": false,
          "appointmentOnly": false,
          "timeSlots": [
            { "end": "13:00", "start": "10:00" },
            { "end": "18:00", "start": "15:00" }
          ]
        },
        { "allDay": false, "closed": true, "appointmentOnly": false, "timeSlots": [] },
        {
          "allDay": false,
          "closed": false,
          "appointmentOnly": false,
          "timeSlots": [
            { "end": "13:00", "start": "10:00" },
            { "end": "18:00", "start": "15:00" }
          ]
        },
        {
          "allDay": false,
          "closed": false,
          "appointmentOnly": false,
          "timeSlots": [{ "end": "14:00", "start": "10:00" }]
        },
        { "allDay": false, "closed": true, "appointmentOnly": false, "timeSlots": [] },
        { "allDay": false, "closed": true, "appointmentOnly": false, "timeSlots": [] }
      ],
      "organization": 1,
      "barrier_free": true
    }
  },
  {
    "model": "cms.poi",
    "pk": 5,
    "fields": {
      "region": 2,
      "address": "Test-Stra\u00dfe 3",
      "postcode": "12345",
      "city": "Nürnberg",
      "country": "Deutschland",
      "latitude": 1.0,
      "longitude": 1.0,
      "archived": false,
      "category": 1
    }
  },
  {
    "model": "cms.poi",
    "pk": 6,
    "fields": {
      "region": 1,
      "address": "Viktoriastraße 1",
      "postcode": "86150",
      "city": "Augsburg",
      "country": "Deutschland",
      "latitude": 48.36599805,
      "longitude": 10.886110466584793,
      "archived": false,
      "category": 2
    }
  },
  {
    "model": "cms.poitranslation",
    "pk": 1,
    "fields": {
      "title": "Test-Ort",
      "slug": "test-ort",
      "poi": 4,
      "status": "PUBLIC",
      "meta_description": "Meta-Beschreibung des Test-Ortes",
      "content": "<p>Erste Version</p>",
      "language": 1,
      "version": 1,
      "minor_edit": false,
      "last_updated": "2020-01-21T12:52:13.616Z",
      "creator": 1
    }
  },
  {
    "model": "cms.poitranslation",
    "pk": 2,
    "fields": {
      "title": "Test-Ort",
      "slug": "test-ort",
      "poi": 4,
      "status": "PUBLIC",
      "meta_description": "Meta-Beschreibung des Test-Ortes",
      "content": "<p>Beschreibung des Test-Ortes</p>",
      "language": 1,
      "version": 2,
      "minor_edit": false,
      "last_updated": "2020-01-22T12:52:13.616Z",
      "creator": 1
    }
  },
  {
    "model": "cms.poitranslation",
    "pk": 3,
    "fields": {
      "title": "Test location",
      "slug": "test-location",
      "poi": 4,
      "status": "PUBLIC",
      "meta_description": "Meta description of the test location",
      "content": "<p>Content of the test location</p>",
      "language": 2,
      "version": 1,
      "minor_edit": false,
      "last_updated": "2020-01-22T12:52:56.726Z",
      "creator": 1
    }
  },
  {
    "model": "cms.poitranslation",
    "pk": 4,
    "fields": {
      "title": "Test-Ort",
      "slug": "test-ort",
      "poi": 5,
      "status": "PUBLIC",
      "meta_description": "Meta-Beschreibung des Test-Ortes",
      "content": "<p>Erste Version</p>",
      "language": 1,
      "version": 1,
      "minor_edit": false,
      "last_updated": "2020-01-21T12:52:13.616Z",
      "creator": 1
    }
  },
  {
    "model": "cms.poitranslation",
    "pk": 5,
    "fields": {
      "title": "Test-Ort",
      "slug": "test-ort",
      "poi": 5,
      "status": "PUBLIC",
      "meta_description": "Meta-Beschreibung des Test-Ortes",
      "content": "<p>Beschreibung des Test-Ortes</p>",
      "language": 1,
      "version": 2,
      "minor_edit": false,
      "last_updated": "2020-01-22T12:52:13.616Z",
      "creator": 1
    }
  },
  {
    "model": "cms.poitranslation",
    "pk": 6,
    "fields": {
      "title": "Test location",
      "slug": "test-location",
      "poi": 5,
      "status": "PUBLIC",
      "meta_description": "Meta description of the test location",
      "content": "<p>Content of the test location</p>",
      "language": 2,
      "version": 1,
      "minor_edit": false,
      "last_updated": "2020-01-22T12:52:56.726Z",
      "creator": 1
    }
  },
  {
    "model": "cms.poitranslation",
    "pk": 7,
    "fields": {
      "title": "Entwurf-Ort",
      "slug": "entwurf-ort",
      "poi": 6,
      "status": "DRAFT",
      "content": "<p>Standort ohne öffentliche Übersetzung in der Standardsprache</p>",
      "language": 1,
      "version": 1,
      "minor_edit": false,
      "last_updated": "2020-01-21T12:52:13.616Z",
      "creator": 1
    }
  },
  {
    "model": "cms.poitranslation",
    "pk": 8,
    "fields": {
      "title": "Draft location",
      "slug": "draft-location",
      "poi": 6,
      "status": "PUBLIC",
      "content": "<p>Location without public translation in the default language</p>",
      "language": 2,
      "version": 1,
      "minor_edit": false,
      "last_updated": "2020-01-21T12:52:13.616Z",
      "creator": 1
    }
  },
  {
    "model": "cms.poicategory",
    "pk": 1,
    "fields": {
      "color": "#07DC03",
      "icon": "service"
    }
  },
  {
    "model": "cms.poicategory",
    "pk": 2,
    "fields": {
      "color": "#1DC6C6",
      "icon": "office"
    }
  },
  {
    "model": "cms.poicategory",
    "pk": 3,
    "fields": {
      "color": "#2E98FB",
      "icon": "gastronomy"
    }
  },
  {
    "model": "cms.poicategorytranslation",
    "pk": 1,
    "fields": {
      "category": 1,
      "language": 1,
      "name": "Beratungsstelle"
    }
  },
  {
    "model": "cms.poicategorytranslation",
    "pk": 2,
    "fields": {
      "category": 1,
      "language": 2,
      "name": "Advice Center"
    }
  },
  {
    "model": "cms.poicategorytranslation",
    "pk": 3,
    "fields": {
      "category": 2,
      "language": 1,
      "name": "Behörde/Amt"
    }
  },
  {
    "model": "cms.poicategorytranslation",
    "pk": 4,
    "fields": {
      "category": 2,
      "language": 2,
      "name": "Authority/Office"
    }
  },
  {
    "model": "cms.poicategorytranslation",
    "pk": 5,
    "fields": {
      "category": 3,
      "language": 1,
      "name": "Gastronomie"
    }
  },
  {
    "model": "cms.poicategorytranslation",
    "pk": 6,
    "fields": {
      "category": 3,
      "language": 2,
      "name": "Gastronomy"
    }
  },
  {
    "model": "linkcheck.url",
    "pk": 1,
    "fields": {
      "url": "https://www.augsburg.de/buergerservice-rathaus/buergerservice/aemter-behoerden/staedtische-dienststellen/b/buergeramt/auslaenderbehoerde",
      "last_checked": "2023-04-04T10:20:47.706Z",
      "anchor_status": null,
      "ssl_status": true,
      "status": true,
      "status_code": 200,
      "redirect_status_code": null,
      "message": "200 OK",
      "error_message": "",
      "redirect_to": ""
    }
  },
  {
    "model": "linkcheck.url",
    "pk": 2,
    "fields": {
      "url": "https://www.augsburg.de/umwelt-soziales/gesundheit/selbsthilfegruppen",
      "last_checked": "2023-04-04T10:20:47.929Z",
      "anchor_status": null,
      "ssl_status": true,
      "status": true,
      "status_code": 200,
      "redirect_status_code": null,
      "message": "200 OK",
      "error_message": "",
      "redirect_to": ""
    }
  },
  {
    "model": "linkcheck.url",
    "pk": 3,
    "fields": {
      "url": "https://integreat-app.de/",
      "last_checked": "2023-04-04T10:20:49.168Z",
      "anchor_status": null,
      "ssl_status": true,
      "status": true,
      "status_code": 200,
      "redirect_status_code": null,
      "message": "200 OK",
      "error_message": "",
      "redirect_to": ""
    }
  },
  {
    "model": "linkcheck.url",
    "pk": 4,
    "fields": {
      "url": "https://integreat.app",
      "last_checked": null,
      "anchor_status": null,
      "ssl_status": true,
      "status": null,
      "status_code": null,
      "redirect_status_code": null,
      "message": null,
      "error_message": "",
      "redirect_to": ""
    }
  },
  {
    "model": "linkcheck.url",
    "pk": 5,
    "fields": {
      "url": "https://invalid.integreat.app/",
      "last_checked": "2023-04-04T10:20:49.568Z",
      "anchor_status": null,
      "ssl_status": true,
      "status": false,
      "status_code": null,
      "redirect_status_code": null,
      "message": "New Connection Error: Failed to establish a new connection: [Errno -2] Name or service not known",
      "error_message": "New Connection Error: Failed to establish a new connection: [Errno -2] Name or service not known",
      "redirect_to": ""
    }
  },
  {
    "model": "linkcheck.url",
    "pk": 6,
    "fields": {
      "url": "https://invalid2.integreat.app/",
      "last_checked": "2023-04-04T10:20:49.606Z",
      "anchor_status": null,
      "ssl_status": true,
      "status": false,
      "status_code": null,
      "redirect_status_code": null,
      "message": "New Connection Error: Failed to establish a new connection: [Errno -2] Name or service not known",
      "error_message": "New Connection Error: Failed to establish a new connection: [Errno -2] Name or service not known",
      "redirect_to": ""
    }
  },
  {
    "model": "linkcheck.url",
    "pk": 7,
    "fields": {
      "url": "https://integreat.app/augsburg/de/willkommen/",
      "last_checked": "2023-04-04T10:20:49.786Z",
      "anchor_status": null,
      "ssl_status": true,
      "status": true,
      "status_code": 200,
      "redirect_status_code": null,
      "message": "200 OK",
      "error_message": "",
      "redirect_to": ""
    }
  },
  {
    "model": "linkcheck.url",
    "pk": 8,
    "fields": {
      "url": "https://integreat.app/augsburg/de/deutsche-sprache/sprachlernangebote/",
      "last_checked": "2023-04-04T10:20:49.786Z",
      "anchor_status": null,
      "ssl_status": true,
      "status": false,
      "status_code": null,
      "redirect_status_code": null,
      "message": "",
      "error_message": "The URL is not up-to-date.",
      "redirect_to": ""
    }
  },
  {
    "model": "linkcheck.url",
    "pk": 9,
    "fields": {
      "url": "https://integreat.app/augsburg/de/events/test-veranstaltung/",
      "last_checked": "2023-08-18T10:46:48.931Z",
      "anchor_status": null,
      "ssl_status": null,
      "status": true,
      "status_code": 200,
      "redirect_status_code": null,
      "message": "",
      "error_message": "",
      "redirect_to": ""
    }
  },
  {
    "model": "linkcheck.url",
    "pk": 10,
    "fields": {
      "url": "https://integreat.app/augsburg/de/locations/test-ort/",
      "last_checked": "2023-08-18T10:46:48.960Z",
      "anchor_status": null,
      "ssl_status": null,
      "status": true,
      "status_code": 200,
      "redirect_status_code": null,
      "message": "",
      "error_message": "",
      "redirect_to": ""
    }
  },
  {
    "model": "linkcheck.url",
    "pk": 11,
    "fields": {
      "url": "https://integreat.app/augsburg/de/disclaimer",
      "last_checked": "2023-08-18T10:46:49.000Z",
      "anchor_status": null,
      "ssl_status": null,
      "status": true,
      "status_code": 200,
      "redirect_status_code": null,
      "message": "",
      "error_message": "",
      "redirect_to": ""
    }
  },
  {
    "model": "linkcheck.url",
    "pk": 12,
    "fields": {
      "url": "https://integreat.app/augsburg/de/news/local",
      "last_checked": "2023-08-18T10:46:53.412Z",
      "anchor_status": null,
      "ssl_status": null,
      "status": true,
      "status_code": 200,
      "redirect_status_code": null,
      "message": "",
      "error_message": "",
      "redirect_to": ""
    }
  },
  {
    "model": "linkcheck.url",
    "pk": 13,
    "fields": {
      "url": "https://integreat.app/augsburg/de/offers",
      "last_checked": "2023-08-18T10:46:53.432Z",
      "anchor_status": null,
      "ssl_status": null,
      "status": true,
      "status_code": 200,
      "redirect_status_code": null,
      "message": "",
      "error_message": "",
      "redirect_to": ""
    }
  },
  {
    "model": "linkcheck.url",
    "pk": 14,
    "fields": {
      "url": "https://integreat.app/augsburg/de",
      "last_checked": "2023-08-18T10:46:53.457Z",
      "anchor_status": null,
      "ssl_status": null,
      "status": true,
      "status_code": 200,
      "redirect_status_code": null,
      "message": "",
      "error_message": "",
      "redirect_to": ""
    }
  },
  {
    "model": "linkcheck.url",
    "pk": 15,
    "fields": {
      "url": "https://integreat.app/",
      "last_checked": "2023-08-18T10:46:53.472Z",
      "anchor_status": null,
      "ssl_status": null,
      "status": true,
      "status_code": 200,
      "redirect_status_code": null,
      "message": "",
      "error_message": "",
      "redirect_to": ""
    }
  },
  {
    "model": "linkcheck.url",
    "pk": 16,
    "fields": {
      "url": "https://integreat.app/foo/",
      "last_checked": "2023-08-18T10:46:53.489Z",
      "anchor_status": null,
      "ssl_status": null,
      "status": false,
      "status_code": null,
      "redirect_status_code": null,
      "message": "",
      "error_message": "Diese Region existiert nicht oder ist nicht aktiv.",
      "redirect_to": ""
    }
  },
  {
    "model": "linkcheck.url",
    "pk": 17,
    "fields": {
      "url": "http://localhost:8000/s/p/96/",
      "last_checked": "2023-08-23T10:19:32.000Z",
      "anchor_status": null,
      "ssl_status": null,
      "status": true,
      "status_code": 302,
      "redirect_status_code": 200,
      "message": "302 Found",
      "error_message": "",
      "redirect_to": "https://integreat.app/augsburg/de/test-links/"
    }
  },
  {
    "model": "linkcheck.link",
    "pk": 1,
    "fields": {
      "content_type": 23,
      "object_id": 36,
      "field": "content",
      "url": 1,
      "text": "Stadt Augsburg/ Ausländerbehörde",
      "ignore": false
    }
  },
  {
    "model": "linkcheck.link",
    "pk": 2,
    "fields": {
      "content_type": 23,
      "object_id": 37,
      "field": "content",
      "url": 1,
      "text": "Stadt Augsburg/ Ausländerbehörde",
      "ignore": false
    }
  },
  {
    "model": "linkcheck.link",
    "pk": 3,
    "fields": {
      "content_type": 23,
      "object_id": 39,
      "field": "content",
      "url": 2,
      "text": "www.augsburg.de/selbsthilfe-schwaben",
      "ignore": false
    }
  },
  {
    "model": "linkcheck.link",
    "pk": 4,
    "fields": {
      "content_type": 23,
      "object_id": 40,
      "field": "content",
      "url": 2,
      "text": "www.augsburg.de/selbsthilfe-schwaben",
      "ignore": false
    }
  },
  {
    "model": "linkcheck.link",
    "pk": 5,
    "fields": {
      "content_type": 23,
      "object_id": 41,
      "field": "content",
      "url": 2,
      "text": "www.augsburg.de/selbsthilfe-schwaben",
      "ignore": false
    }
  },
  {
    "model": "linkcheck.link",
    "pk": 6,
    "fields": {
      "content_type": 23,
      "object_id": 42,
      "field": "content",
      "url": 2,
      "text": "www.augsburg.de/selbsthilfe-schwaben",
      "ignore": false
    }
  },
  {
    "model": "linkcheck.link",
    "pk": 7,
    "fields": {
      "content_type": 23,
      "object_id": 61,
      "field": "content",
      "url": 3,
      "text": "Gültiger Link",
      "ignore": false
    }
  },
  {
    "model": "linkcheck.link",
    "pk": 8,
    "fields": {
      "content_type": 23,
      "object_id": 61,
      "field": "content",
      "url": 4,
      "text": "Ungeprüfter Link",
      "ignore": false
    }
  },
  {
    "model": "linkcheck.link",
    "pk": 9,
    "fields": {
      "content_type": 23,
      "object_id": 61,
      "field": "content",
      "url": 5,
      "text": "Ungültiger Link",
      "ignore": false
    }
  },
  {
    "model": "linkcheck.link",
    "pk": 10,
    "fields": {
      "content_type": 23,
      "object_id": 61,
      "field": "content",
      "url": 6,
      "text": "Ignorierter Link",
      "ignore": true
    }
  },
  {
    "model": "linkcheck.link",
    "pk": 11,
    "fields": {
      "content_type": 23,
      "object_id": 61,
      "field": "content",
      "url": 7,
      "text": "Interner Link",
      "ignore": false
    }
  },
  {
    "model": "linkcheck.link",
    "pk": 12,
    "fields": {
      "content_type": 23,
      "object_id": 61,
      "field": "content",
      "url": 8,
      "text": "Fehlerhafter interner Link",
      "ignore": false
    }
  },
  {
    "model": "linkcheck.link",
    "pk": 13,
    "fields": {
      "content_type": 23,
      "object_id": 61,
      "field": "content",
      "url": 3,
      "text": "Ein langer Link zum Testen des Verhaltens von Links im PDF Export. Text mit Leerzeichen sollte gebrochen werden, Wörter mit mehr als 50 Zeichen sollten hingegen gekürzt werden. www.dashieristeinsehrlangerlinkalszusammenhängendezeichenkette.de",
      "ignore": false
    }
  },
  {
    "model": "linkcheck.link",
    "pk": 14,
    "fields": {
      "content_type": 23,
      "object_id": 96,
      "field": "content",
      "url": 7,
      "text": "Willkommen",
      "ignore": false
    }
  },
  {
    "model": "linkcheck.link",
    "pk": 15,
    "fields": {
      "content_type": 23,
      "object_id": 96,
      "field": "content",
      "url": 9,
      "text": "Test-Veranstaltung",
      "ignore": false
    }
  },
  {
    "model": "linkcheck.link",
    "pk": 16,
    "fields": {
      "content_type": 23,
      "object_id": 96,
      "field": "content",
      "url": 10,
      "text": "Test-Ort",
      "ignore": false
    }
  },
  {
    "model": "linkcheck.link",
    "pk": 17,
    "fields": {
      "content_type": 23,
      "object_id": 96,
      "field": "content",
      "url": 11,
      "text": "Impressum",
      "ignore": false
    }
  },
  {
    "model": "linkcheck.link",
    "pk": 18,
    "fields": {
      "content_type": 23,
      "object_id": 96,
      "field": "content",
      "url": 12,
      "text": "Nachrichten",
      "ignore": false
    }
  },
  {
    "model": "linkcheck.link",
    "pk": 19,
    "fields": {
      "content_type": 23,
      "object_id": 96,
      "field": "content",
      "url": 13,
      "text": "Angebote",
      "ignore": false
    }
  },
  {
    "model": "linkcheck.link",
    "pk": 20,
    "fields": {
      "content_type": 23,
      "object_id": 96,
      "field": "content",
      "url": 14,
      "text": "Startseite Augsburg",
      "ignore": false
    }
  },
  {
    "model": "linkcheck.link",
    "pk": 21,
    "fields": {
      "content_type": 23,
      "object_id": 96,
      "field": "content",
      "url": 15,
      "text": "Index",
      "ignore": false
    }
  },
  {
    "model": "linkcheck.link",
    "pk": 22,
    "fields": {
      "content_type": 23,
      "object_id": 96,
      "field": "content",
      "url": 16,
      "text": "Kaputte URL",
      "ignore": false
    }
  },
  {
    "model": "linkcheck.link",
    "pk": 23,
    "fields": {
      "content_type": 23,
      "object_id": 96,
      "field": "content",
      "url": 17,
      "text": "Diese Seite",
      "ignore": false
    }
  },
  {
    "model": "linkcheck.link",
    "pk": 24,
    "fields": {
      "content_type": 23,
      "object_id": 97,
      "field": "content",
      "url": 7,
      "text": "Willkommen",
      "ignore": false
    }
  },
  {
    "model": "linkcheck.link",
    "pk": 25,
    "fields": {
      "content_type": 23,
      "object_id": 97,
      "field": "content",
      "url": 9,
      "text": "Test-Veranstaltung",
      "ignore": false
    }
  },
  {
    "model": "linkcheck.link",
    "pk": 26,
    "fields": {
      "content_type": 23,
      "object_id": 97,
      "field": "content",
      "url": 10,
      "text": "Test-Ort",
      "ignore": false
    }
  },
  {
    "model": "linkcheck.link",
    "pk": 27,
    "fields": {
      "content_type": 23,
      "object_id": 97,
      "field": "content",
      "url": 11,
      "text": "Impressum",
      "ignore": false
    }
  },
  {
    "model": "linkcheck.link",
    "pk": 28,
    "fields": {
      "content_type": 23,
      "object_id": 97,
      "field": "content",
      "url": 12,
      "text": "Nachrichten",
      "ignore": false
    }
  },
  {
    "model": "linkcheck.link",
    "pk": 29,
    "fields": {
      "content_type": 23,
      "object_id": 97,
      "field": "content",
      "url": 13,
      "text": "Angebote",
      "ignore": false
    }
  },
  {
    "model": "linkcheck.link",
    "pk": 30,
    "fields": {
      "content_type": 23,
      "object_id": 97,
      "field": "content",
      "url": 14,
      "text": "Startseite Augsburg",
      "ignore": false
    }
  },
  {
    "model": "linkcheck.link",
    "pk": 31,
    "fields": {
      "content_type": 23,
      "object_id": 97,
      "field": "content",
      "url": 15,
      "text": "Index",
      "ignore": false
    }
  },
  {
    "model": "linkcheck.link",
    "pk": 32,
    "fields": {
      "content_type": 23,
      "object_id": 97,
      "field": "content",
      "url": 16,
      "text": "Kaputte URL",
      "ignore": false
    }
  },
  {
    "model": "linkcheck.link",
    "pk": 33,
    "fields": {
      "content_type": 23,
      "object_id": 97,
      "field": "content",
      "url": 17,
      "text": "Diese Seite",
      "ignore": false
    }
  },
  {
    "model": "cms.pushnotification",
    "pk": 1,
    "fields": {
      "regions": [1],
      "channel": "news",
      "draft": false,
      "sent_date": "2022-03-05T10:32:33.118Z",
      "created_date": "2022-03-05T10:31:33.118Z",
      "mode": "ONLY_AVAILABLE"
    }
  },
  {
    "model": "cms.pushnotification",
    "pk": 2,
    "fields": {
      "regions": [1],
      "channel": "news",
      "draft": true,
      "sent_date": null,
      "created_date": "2022-03-05T10:35:33.118Z",
      "mode": "ONLY_AVAILABLE"
    }
  },
  {
    "model": "cms.pushnotification",
    "pk": 3,
    "fields": {
      "regions": [1, 2],
      "channel": "news",
      "draft": true,
      "sent_date": null,
      "created_date": "2023-07-18T20:15:00.000Z",
      "mode": "ONLY_AVAILABLE"
    }
  },
  {
    "model": "cms.pushnotification",
    "pk": 4,
    "fields": {
      "regions": [1],
      "channel": "news",
      "draft": false,
      "sent_date": null,
      "scheduled_send_date": "2030-01-01T00:00:00.000Z",
      "created_date": "2023-10-09T20:15:00.000Z",
      "mode": "ONLY_AVAILABLE"
    }
  },
  {
    "model": "cms.pushnotification",
    "pk": 5,
    "fields": {
      "regions": [1],
      "channel": "news",
      "draft": true,
      "is_template": true,
      "template_name": "Vorlage",
      "sent_date": null,
      "created_date": "2023-10-09T20:15:00.000Z",
      "mode": "USE_MAIN_LANGUAGE"
    }
  },
  {
    "model": "cms.pushnotification",
    "pk": 6,
    "fields": {
      "regions": [2],
      "channel": "news",
      "draft": false,
      "sent_date": "2022-03-05T10:32:33.118Z",
      "created_date": "2022-03-05T10:31:33.118Z",
      "mode": "USE_MAIN_LANGUAGE"
    }
  },
  {
    "model": "cms.pushnotification",
    "pk": 7,
    "fields": {
      "regions": [4],
      "channel": "news",
      "draft": false,
      "sent_date": "2022-03-05T10:32:33.118Z",
      "created_date": "2022-03-05T10:31:33.118Z",
      "mode": "USE_MAIN_LANGUAGE"
    }
  },
  {
    "model": "cms.pushnotificationtranslation",
    "pk": 1,
    "fields": {
      "title": "Test DE",
      "text": "Test DE Inhalt",
      "language": 1,
      "push_notification": 1,
      "last_updated": "2022-03-05T10:31:33.130Z"
    }
  },
  {
    "model": "cms.pushnotificationtranslation",
    "pk": 2,
    "fields": {
      "title": "Test EN",
      "text": "Test EN content",
      "language": 2,
      "push_notification": 1,
      "last_updated": "2022-03-05T10:31:33.145Z"
    }
  },
  {
    "model": "cms.pushnotificationtranslation",
    "pk": 3,
    "fields": {
      "title": "Nicht gesendet",
      "text": "Nicht gesendeter Inhalt",
      "language": 1,
      "push_notification": 2,
      "last_updated": "2022-03-05T10:35:33.130Z"
    }
  },
  {
    "model": "cms.pushnotificationtranslation",
    "pk": 4,
    "fields": {
      "title": "Mehrere Regionen",
      "text": "Inhalt für mehrere Regionen",
      "language": 1,
      "push_notification": 3,
      "last_updated": "2023-07-18T20:15:00.000Z"
    }
  },
  {
    "model": "cms.pushnotificationtranslation",
    "pk": 5,
    "fields": {
      "title": "Terminierte Nachricht",
      "text": "Diese Nachricht wurde zum automatischen Senden geplant.",
      "language": 1,
      "push_notification": 4,
      "last_updated": "2023-10-09T20:15:00.000Z"
    }
  },
  {
    "model": "cms.pushnotificationtranslation",
    "pk": 6,
    "fields": {
      "title": "Vorlage",
      "text": "Diese Nachricht ist eine Vorlage.",
      "language": 1,
      "push_notification": 5,
      "last_updated": "2023-10-09T20:15:00.000Z"
    }
  },
  {
    "model": "cms.pushnotificationtranslation",
    "pk": 7,
    "fields": {
      "title": "Test DE",
      "text": "Test DE Inhalt",
      "language": 1,
      "push_notification": 6,
      "last_updated": "2022-03-05T10:31:33.130Z"
    }
  },
  {
    "model": "cms.pushnotificationtranslation",
    "pk": 8,
    "fields": {
      "title": "Test",
      "text": "Test",
      "language": 1,
      "push_notification": 7,
      "last_updated": "2022-03-05T10:31:33.130Z"
    }
  },
  {
    "model": "cms.mediafile",
    "pk": 1,
    "fields": {
      "file": "global/integreat-logo.png",
      "thumbnail": "",
      "file_size": 1219,
      "type": "image/png",
      "name": "Test Logo",
      "parent_directory": 1,
      "region": null,
      "alt_text": "alt text",
      "uploaded_date": "2019-08-11T07:57:42.456Z",
      "last_modified": "2019-08-11T07:57:42.456Z",
      "is_hidden": false
    }
  },
  {
    "model": "cms.mediafile",
    "pk": 2,
    "fields": {
      "file": "global/malte-logo.png",
      "thumbnail": "",
      "file_size": 1219,
      "type": "image/png",
      "name": "Test Logo 2",
      "parent_directory": null,
      "region": null,
      "alt_text": "alt text",
      "uploaded_date": "2019-08-11T07:57:42.456Z",
      "last_modified": "2019-08-11T07:57:42.456Z",
      "is_hidden": false
    }
  },
  {
    "model": "cms.directory",
    "pk": 1,
    "fields": {
      "name": "Test Directory",
      "region": null,
      "parent": null,
      "created_date": "2019-08-11T07:57:42.456Z",
      "is_hidden": false
    }
  },
  {
    "model": "cms.directory",
    "pk": 2,
    "fields": {
      "name": "Empty Directory",
      "region": null,
      "parent": null,
      "created_date": "2019-08-11T07:57:42.456Z",
      "is_hidden": false
    }
  },
  {
    "model": "cms.organization",
    "pk": 1,
    "fields": {
      "name": "Test Organization",
      "slug": "test-organization",
      "icon": 1,
      "website": "https://integreat-app.de/",
      "last_updated": "2019-08-11T07:57:42.456Z",
      "region": 1,
      "created_date": "2019-08-11T07:57:42.456Z"
    }
  },
  {
    "model": "cms.feedback",
    "pk": 1,
    "fields": {
      "region": 1,
      "language": 1,
      "rating": true,
      "comment": "Feedback unread and not archived",
      "is_technical": true,
      "created_date": "2019-08-11T07:57:42.456Z",
      "archived": false,
      "polymorphic_ctype": 26
    }
  },
  {
    "model": "cms.regionfeedback",
    "pk": 1,
    "fields": {
      "feedback_ptr": 1
    }
  },
  {
    "model": "cms.feedback",
    "pk": 2,
    "fields": {
      "region": 1,
      "language": 1,
      "rating": true,
      "comment": "Feedback read and archived",
      "is_technical": true,
      "created_date": "2019-08-11T07:57:42.456Z",
      "read_by": 1,
      "archived": true,
      "polymorphic_ctype": 24
    }
  },
  {
    "model": "cms.pagefeedback",
    "pk": 2,
    "fields": {
      "feedback_ptr": 2,
      "page_translation": 1
    }
  },
  {
    "model": "cms.feedback",
    "pk": 3,
    "fields": {
      "region": 1,
      "language": 1,
      "rating": true,
      "comment": "Feedback read and not archived",
      "is_technical": true,
      "created_date": "2019-08-11T07:57:42.456Z",
      "read_by": 1,
      "archived": false,
      "polymorphic_ctype": 15
    }
  },
  {
    "model": "cms.eventfeedback",
    "pk": 3,
    "fields": {
      "feedback_ptr": 3,
      "event_translation": 1
    }
  },
  {
    "model": "cms.feedback",
    "pk": 4,
    "fields": {
      "region": 1,
      "language": 1,
      "rating": true,
      "comment": "Region feedback unread and not archived",
      "is_technical": false,
      "created_date": "2019-08-11T07:57:42.456Z",
      "archived": false,
      "polymorphic_ctype": 26
    }
  },
  {
    "model": "cms.regionfeedback",
    "pk": 4,
    "fields": {
      "feedback_ptr": 4
    }
  },
  {
    "model": "cms.feedback",
    "pk": 5,
    "fields": {
      "region": 1,
      "language": 1,
      "rating": true,
      "comment": "Region feedback read and archived",
      "is_technical": false,
      "created_date": "2019-08-11T07:57:42.456Z",
      "read_by": 1,
      "archived": true,
      "polymorphic_ctype": 24
    }
  },
  {
    "model": "cms.pagefeedback",
    "pk": 5,
    "fields": {
      "feedback_ptr": 5,
      "page_translation": 1
    }
  },
  {
    "model": "cms.feedback",
    "pk": 6,
    "fields": {
      "region": 1,
      "language": 1,
      "rating": true,
      "comment": "Region feedback read and not archived",
      "is_technical": false,
      "created_date": "2019-08-11T07:57:42.456Z",
      "read_by": 1,
      "archived": false,
      "polymorphic_ctype": 25
    }
  },
  {
    "model": "cms.poifeedback",
    "pk": 6,
    "fields": {
      "feedback_ptr": 6,
      "poi_translation": 1
    }
  },
  {
    "model": "cms.feedback",
    "pk": 7,
    "fields": {
      "region": 1,
      "language": 1,
      "rating": true,
      "comment": "Read positive feedback CSV export",
      "is_technical": false,
      "created_date": "2019-08-11T07:57:42.456Z",
      "read_by": 1,
      "archived": false,
      "polymorphic_ctype": 26
    }
  },
  {
    "model": "cms.regionfeedback",
    "pk": 7,
    "fields": {
      "feedback_ptr": 7
    }
  },
  {
    "model": "cms.feedback",
    "pk": 8,
    "fields": {
      "region": 1,
      "language": 1,
      "rating": false,
      "comment": "Unread negative feedback CSV export",
      "is_technical": false,
      "created_date": "2019-08-11T07:57:42.456Z",
      "archived": false,
      "polymorphic_ctype": 26
    }
  },
  {
    "model": "cms.regionfeedback",
    "pk": 8,
    "fields": {
      "feedback_ptr": 8
    }
  }
]
